2026-04-05 14:19:55.246+0000 INFO  [o.n.g.f.m.GlobalModule] Logging config in use: File '/var/lib/neo4j/conf/server-logs.xml'
2026-04-05 14:19:55.579+0000 INFO  [o.n.i.d.DiagnosticsManager] 
                                                                ********************************************************************************
                                                                                             [ System diagnostics ]                             
                                                                ********************************************************************************
                                                                --------------------------------------------------------------------------------
                                                                                         [ System memory information ]                          
                                                                --------------------------------------------------------------------------------
                                                                Total Physical memory: 15.45GiB
                                                                Free Physical memory: 10.87GiB
                                                                Committed virtual memory: 5.812GiB
                                                                Total swap space: 4.000GiB
                                                                Free swap space: 4.000GiB
                                                                
                                                                --------------------------------------------------------------------------------
                                                                                           [ JVM memory information ]                           
                                                                --------------------------------------------------------------------------------
                                                                Free  memory: 486.4MiB
                                                                Total memory: 512.0MiB
                                                                Max   memory: 2.000GiB
                                                                Garbage Collector: G1 Young Generation: [G1 Eden Space, G1 Survivor Space, G1 Old Gen]
                                                                Garbage Collector: G1 Old Generation: [G1 Eden Space, G1 Survivor Space, G1 Old Gen]
                                                                Memory Pool: CodeHeap 'non-nmethods' (Non-heap memory): committed=2.438MiB, used=1.224MiB, max=5.570MiB, threshold=0B
                                                                Memory Pool: Metaspace (Non-heap memory): committed=21.69MiB, used=21.42MiB, max=-1B, threshold=0B
                                                                Memory Pool: CodeHeap 'profiled nmethods' (Non-heap memory): committed=5.563MiB, used=5.543MiB, max=117.2MiB, threshold=0B
                                                                Memory Pool: Compressed Class Space (Non-heap memory): committed=2.438MiB, used=2.308MiB, max=1.000GiB, threshold=0B
                                                                Memory Pool: G1 Eden Space (Heap memory): committed=312.0MiB, used=2.000MiB, max=-1B, threshold=?
                                                                Memory Pool: G1 Old Gen (Heap memory): committed=189.0MiB, used=12.02MiB, max=2.000GiB, threshold=0B
                                                                Memory Pool: G1 Survivor Space (Heap memory): committed=11.00MiB, used=10.59MiB, max=-1B, threshold=?
                                                                Memory Pool: CodeHeap 'non-profiled nmethods' (Non-heap memory): committed=2.438MiB, used=1.656MiB, max=117.2MiB, threshold=0B
                                                                
                                                                --------------------------------------------------------------------------------
                                                                                        [ Operating system information ]                        
                                                                --------------------------------------------------------------------------------
                                                                Operating System: Linux; version: 6.6.87.2-microsoft-standard-WSL2; arch: amd64; cpus: 12
                                                                Max number of file descriptors: 1048576
                                                                Number of open file descriptors: 190
                                                                Process id: 7
                                                                Byte order: LITTLE_ENDIAN
                                                                Local timezone: Etc/UTC
                                                                Memory page size: 4096
                                                                Unaligned memory access allowed: true
                                                                
                                                                --------------------------------------------------------------------------------
                                                                                              [ JVM information ]                               
                                                                --------------------------------------------------------------------------------
                                                                VM Name: OpenJDK 64-Bit Server VM
                                                                VM Vendor: Eclipse Adoptium
                                                                VM Version: 17.0.10+7
                                                                JIT compiler: HotSpot 64-Bit Tiered Compilers
                                                                VM Arguments: [-XX:+UseG1GC, -XX:-OmitStackTraceInFastThrow, -XX:+AlwaysPreTouch, -XX:+UnlockExperimentalVMOptions, -XX:+TrustFinalNonStaticFields, -XX:+DisableExplicitGC, -Djdk.nio.maxCachedBufferSize=1024, -Dio.netty.tryReflectionSetAccessible=true, -Djdk.tls.ephemeralDHKeySize=2048, -Djdk.tls.rejectClientInitiatedRenegotiation=true, -XX:FlightRecorderOptions=stackdepth=256, -XX:+UnlockDiagnosticVMOptions, -XX:+DebugNonSafepoints, --add-opens=java.base/java.nio=ALL-UNNAMED, --add-opens=java.base/java.io=ALL-UNNAMED, --add-opens=java.base/sun.nio.ch=ALL-UNNAMED, -Dlog4j2.disable.jmx=true, -Dfile.encoding=UTF-8, -Xms524288k, -Xmx2097152k]
                                                                
                                                                --------------------------------------------------------------------------------
                                                                                               [ Java classpath ]                               
                                                                --------------------------------------------------------------------------------
                                                                 [classpath] /var/lib/neo4j/lib/commons-compress-1.25.0.jar
                                                                 [classpath] /var/lib/neo4j/lib/neo4j-index-5.16.0.jar
                                                                 [classpath] /var/lib/neo4j/lib/shiro-cache-1.13.0.jar
                                                                 [classpath] /var/lib/neo4j/lib/jetty-security-10.0.17.jar
                                                                 [classpath] /var/lib/neo4j/lib/jPowerShell-3.0.jar
                                                                 [classpath] /var/lib/neo4j/lib/jackson-jaxrs-base-2.16.0.jar
                                                                 [classpath] /var/lib/neo4j/lib/netty-tcnative-classes-2.0.61.Final.jar
                                                                 [classpath] /var/lib/neo4j/lib/mercator_2.13-0.2.1.jar
                                                                 [classpath] /var/lib/neo4j/lib/neo4j-token-api-5.16.0.jar
                                                                 [classpath] /var/lib/neo4j/lib/neo4j-concurrent-5.16.0.jar
                                                                 [classpath] /var/lib/neo4j/lib/reactive-streams-1.0.4.jar
                                                                 [classpath] /var/lib/neo4j/lib/jaxb-runtime-2.3.2.jar
                                                                 [classpath] /var/lib/neo4j/lib/neo4j-graphdb-api-5.16.0.jar
                                                                 [classpath] /var/lib/neo4j/lib/neo4j-cypher-expression-evaluator-5.16.0.jar
                                                                 [classpath] /var/lib/neo4j/lib/neo4j-cypher-physical-planning-5.16.0.jar
                                                                 [classpath] /var/lib/neo4j/lib/neo4j-rewriting-5.16.0.jar
                                                                 [classpath] /var/lib/neo4j/lib/javassist-3.25.0-GA.jar
                                                                 [classpath] /var/lib/neo4j/lib/neo4j-slf4j-provider-5.16.0.jar
                                                                 [classpath] /var/lib/neo4j/lib/jersey-container-servlet-2.34.jar
                                                                 [classpath] /var/lib/neo4j/lib/cypher-ast-factory-5.16.0.jar
                                                                 [classpath] /var/lib/neo4j/lib/caffeine-3.1.8.jar
                                                                 [classpath] /var/lib/neo4j/lib/commons-configuration2-2.9.0.jar
                                                                 [classpath] /var/lib/neo4j/lib/scala-library-2.13.11.jar
                                                                 [classpath] /var/lib/neo4j/lib/shiro-core-1.13.0.jar
                                                                 [classpath] /var/lib/neo4j/lib/jetty-io-10.0.17.jar
                                                                 [classpath] /var/lib/neo4j/lib/neo4j-cypher-macros-5.16.0.jar
                                                                 [classpath] /var/lib/neo4j/lib/neo4j-graph-algo-5.16.0.jar
                                                                 [classpath] /var/lib/neo4j/lib/neo4j-fabric-5.16.0.jar
                                                                 [classpath] /var/lib/neo4j/lib/jetty-xml-10.0.17.jar
                                                                 [classpath] /var/lib/neo4j/lib/picocli-4.7.5.jar
                                                                 [classpath] /var/lib/neo4j/lib/jetty-servlet-10.0.17.jar
                                                                 [classpath] /var/lib/neo4j/lib/neo4j-data-collector-5.16.0.jar
                                                                 [classpath] /var/lib/neo4j/lib/neo4j-query-router-5.16.0.jar
                                                                 [classpath] /var/lib/neo4j/conf/*
                                                                 [classpath] /var/lib/neo4j/lib/neo4j-cypher-config-5.16.0.jar
                                                                 [classpath] /var/lib/neo4j/lib/netty-common-4.1.101.Final.jar
                                                                 [classpath] /var/lib/neo4j/lib/neo4j-server-5.16.0.jar
                                                                 [classpath] /var/lib/neo4j/lib/WMI4Java-1.6.3.jar
                                                                 [classpath] /var/lib/neo4j/lib/neo4j-cypher-interpreted-runtime-5.16.0.jar
                                                                 [classpath] /var/lib/neo4j/lib/neo4j-cypher-slotted-runtime-5.16.0.jar
                                                                 [classpath] /var/lib/neo4j/lib/jackson-core-2.16.0.jar
                                                                 [classpath] /var/lib/neo4j/lib/jackson-databind-2.16.0.jar
                                                                 [classpath] /var/lib/neo4j/lib/jakarta.xml.bind-api-2.3.2.jar
                                                                 [classpath] /var/lib/neo4j/lib/netty-transport-native-unix-common-4.1.101.Final.jar
                                                                 [classpath] /var/lib/neo4j/lib/jProcesses-1.6.5.jar
                                                                 [classpath] /var/lib/neo4j/lib/neo4j-exceptions-5.16.0.jar
                                                                 [classpath] /var/lib/neo4j/lib/neo4j-wal-5.16.0.jar
                                                                 [classpath] /var/lib/neo4j/lib/neo4j-diagnostics-5.16.0.jar
                                                                 [classpath] /var/lib/neo4j/lib/hk2-locator-2.6.1.jar
                                                                 [classpath] /var/lib/neo4j/lib/jersey-common-2.34.jar
                                                                 [classpath] /var/lib/neo4j/lib/netty-codec-http-4.1.101.Final.jar
                                                                 [classpath] /var/lib/neo4j/lib/neo4j-cypher-ir-5.16.0.jar
                                                                 [classpath] /var/lib/neo4j/lib/neo4j-kernel-api-5.16.0.jar
                                                                 [classpath] /var/lib/neo4j/lib/eclipse-collections-api-11.1.0.jar
                                                                 [classpath] /var/lib/neo4j/lib/jersey-container-servlet-core-2.34.jar
                                                                 [classpath] /var/lib/neo4j/lib/neo4j-ast-5.16.0.jar
                                                                 [classpath] /var/lib/neo4j/lib/jansi-2.4.0.jar
                                                                 [classpath] /var/lib/neo4j/lib/jetty-webapp-10.0.17.jar
                                                                 [classpath] /var/lib/neo4j/lib/jetty-http-10.0.17.jar
                                                                 [classpath] /var/lib/neo4j/lib/netty-transport-classes-epoll-4.1.101.Final.jar
                                                                 [classpath] /var/lib/neo4j/lib/neo4j-lock-5.16.0.jar
                                                                 [classpath] /var/lib/neo4j/lib/cypher-shell-5.16.0.jar
                                                                 [classpath] /var/lib/neo4j/lib/netty-transport-native-epoll-4.1.101.Final-linux-x86_64.jar
                                                                 [classpath] /var/lib/neo4j/lib/neo4j-configuration-5.16.0.jar
                                                                 [classpath] /var/lib/neo4j/lib/shiro-config-core-1.13.0.jar
                                                                 [classpath] /var/lib/neo4j/lib/ipaddress-5.4.0.jar
                                                                 [classpath] /var/lib/neo4j/lib/jline-terminal-3.21.0.jar
                                                                 [classpath] /var/lib/neo4j/lib/neo4j-ssl-5.16.0.jar
                                                                 [classpath] /var/lib/neo4j/lib/commons-logging-1.3.0.jar
                                                                 [classpath] /var/lib/neo4j/lib/lucene-analysis-common-9.8.0.jar
                                                                 [classpath] /var/lib/neo4j/lib/neo4j-spatial-index-5.16.0.jar
                                                                 [classpath] /var/lib/neo4j/lib/netty-transport-native-kqueue-4.1.101.Final-osx-x86_64.jar
                                                                 [classpath] /var/lib/neo4j/lib/commons-text-1.11.0.jar
                                                                 [classpath] /var/lib/neo4j/lib/jackson-annotations-2.16.0.jar
                                                                 [classpath] /var/lib/neo4j/lib/neo4j-logging-5.16.0.jar
                                                                 [classpath] /var/lib/neo4j/lib/jakarta.ws.rs-api-2.1.6.jar
                                                                 [classpath] /var/lib/neo4j/lib/kiama_2.13-2.5.1.jar
                                                                 [classpath] /var/lib/neo4j/lib/neo4j-cypher-planner-5.16.0.jar
                                                                 [classpath] /var/lib/neo4j/lib/jctools-core-4.0.2.jar
                                                                 [classpath] /var/lib/neo4j/lib/jline-terminal-jansi-3.21.0.jar
                                                                 [classpath] /var/lib/neo4j/lib/hk2-api-2.6.1.jar
                                                                 [classpath] /var/lib/neo4j/lib/neo4j-common-5.16.0.jar
                                                                 [classpath] /var/lib/neo4j/lib/neo4j-cypher-logical-plans-5.16.0.jar
                                                                 [classpath] /var/lib/neo4j/lib/jackson-jaxrs-json-provider-2.16.0.jar
                                                                 [classpath] /var/lib/neo4j/lib/shiro-lang-1.13.0.jar
                                                                 [classpath] /var/lib/neo4j/lib/neo4j-cypher-ast-factory-5.16.0.jar
                                                                 [classpath] /var/lib/neo4j/lib/netty-handler-4.1.101.Final.jar
                                                                 [classpath] /var/lib/neo4j/lib/neo4j-schema-5.16.0.jar
                                                                 [classpath] /var/lib/neo4j/lib/istack-commons-runtime-3.0.8.jar
                                                                 [classpath] /var/lib/neo4j/lib/netty-transport-4.1.101.Final.jar
                                                                 [classpath] /var/lib/neo4j/lib/neo4j-cypher-javacc-parser-5.16.0.jar
                                                                 [classpath] /var/lib/neo4j/lib/jetty-servlet-api-4.0.6.jar
                                                                 [classpath] /var/lib/neo4j/lib/neo4j-command-line-5.16.0.jar
                                                                 [classpath] /var/lib/neo4j/lib/netty-transport-native-kqueue-4.1.101.Final-osx-aarch_64.jar
                                                                 [classpath] /var/lib/neo4j/lib/shiro-crypto-cipher-1.13.0.jar
                                                                 [classpath] /var/lib/neo4j/lib/eclipse-collections-11.1.0.jar
                                                                 [classpath] /var/lib/neo4j/lib/neo4j-cypher-runtime-util-5.16.0.jar
                                                                 [classpath] /var/lib/neo4j/lib/cypher-literal-interpreter-5.16.0.jar
                                                                 [classpath] /var/lib/neo4j/lib/netty-codec-4.1.101.Final.jar
                                                                 [classpath] /var/lib/neo4j/lib/jetty-util-10.0.17.jar
                                                                 [classpath] /var/lib/neo4j/lib/neo4j-resource-5.16.0.jar
                                                                 [classpath] /var/lib/neo4j/lib/jetty-server-10.0.17.jar
                                                                 [classpath] /var/lib/neo4j/lib/neo4j-id-generator-5.16.0.jar
                                                                 [classpath] /var/lib/neo4j/lib/zstd-proxy-5.16.0.jar
                                                                 [classpath] /var/lib/neo4j/lib/jakarta.activation-api-1.2.2.jar
                                                                 [classpath] /var/lib/neo4j/lib/neo4j-values-5.16.0.jar
                                                                 [classpath] /var/lib/neo4j/lib/neo4j-browser-5.15.0.jar
                                                                 [classpath] /var/lib/neo4j/lib/neo4j-csv-5.16.0.jar
                                                                 [classpath] /var/lib/neo4j/lib/neo4j-notifications-5.16.0.jar
                                                                 [classpath] /var/lib/neo4j/plugins/*
                                                                 [classpath] /var/lib/neo4j/lib/jakarta.validation-api-2.0.2.jar
                                                                 [classpath] /var/lib/neo4j/lib/magnolia_2.13-0.17.0.jar
                                                                 [classpath] /var/lib/neo4j/lib/neo4j-procedure-api-5.16.0.jar
                                                                 [classpath] /var/lib/neo4j/lib/neo4j-import-util-5.16.0.jar
                                                                 [classpath] /var/lib/neo4j/lib/jettison-1.5.4.jar
                                                                 [classpath] /var/lib/neo4j/lib/netty-resolver-4.1.101.Final.jar
                                                                 [classpath] /var/lib/neo4j/lib/jakarta.inject-2.6.1.jar
                                                                 [classpath] /var/lib/neo4j/lib/neo4j-procedure-5.16.0.jar
                                                                 [classpath] /var/lib/neo4j/lib/neo4j-import-tool-5.16.0.jar
                                                                 [classpath] /var/lib/neo4j/lib/hk2-utils-2.6.1.jar
                                                                 [classpath] /var/lib/neo4j/lib/stax-ex-1.8.1.jar
                                                                 [classpath] /var/lib/neo4j/lib/neo4j-bootcheck-5.16.0.jar
                                                                 [classpath] /var/lib/neo4j/lib/neo4j-monitoring-5.16.0.jar
                                                                 [classpath] /var/lib/neo4j/lib/slf4j-api-2.0.9.jar
                                                                 [classpath] /var/lib/neo4j/lib/txw2-2.3.2.jar
                                                                 [classpath] /var/lib/neo4j/lib/netty-transport-native-epoll-4.1.101.Final-linux-aarch_64.jar
                                                                 [classpath] /var/lib/neo4j/lib/commons-lang3-3.14.0.jar
                                                                 [classpath] /var/lib/neo4j/lib/log4j-api-2.20.0.jar
                                                                 [classpath] /var/lib/neo4j/lib/lucene-core-9.8.0.jar
                                                                 [classpath] /var/lib/neo4j/lib/jline-reader-3.21.0.jar
                                                                 [classpath] /var/lib/neo4j/lib/lucene-queryparser-9.8.0.jar
                                                                 [classpath] /var/lib/neo4j/lib/FastInfoset-1.2.16.jar
                                                                 [classpath] /var/lib/neo4j/lib/argparse4j-0.9.0.jar
                                                                 [classpath] /var/lib/neo4j/lib/neo4j-dbms-5.16.0.jar
                                                                 [classpath] /var/lib/neo4j/lib/neo4j-5.16.0.jar
                                                                 [classpath] /var/lib/neo4j/lib/log4j-core-2.20.0.jar
                                                                 [classpath] /var/lib/neo4j/lib/neo4j-io-5.16.0.jar
                                                                 [classpath] /var/lib/neo4j/lib/shiro-event-1.13.0.jar
                                                                 [classpath] /var/lib/neo4j/lib/neo4j-security-5.16.0.jar
                                                                 [classpath] /var/lib/neo4j/lib/jna-5.13.0.jar
                                                                 [classpath] /var/lib/neo4j/lib/reactor-core-3.6.0.jar
                                                                 [classpath] /var/lib/neo4j/lib/netty-buffer-4.1.101.Final.jar
                                                                 [classpath] /var/lib/neo4j/lib/neo4j-bolt-5.16.0.jar
                                                                 [classpath] /var/lib/neo4j/lib/neo4j-consistency-check-5.16.0.jar
                                                                 [classpath] /var/lib/neo4j/lib/neo4j-kernel-5.16.0.jar
                                                                 [classpath] /var/lib/neo4j/lib/zstd-jni-1.5.5-10.jar
                                                                 [classpath] /var/lib/neo4j/lib/neo4j-codegen-5.16.0.jar
                                                                 [classpath] /var/lib/neo4j/lib/neo4j-cypher-cache-5.16.0.jar
                                                                 [classpath] /var/lib/neo4j/lib/annotations-5.16.0.jar
                                                                 [classpath] /var/lib/neo4j/lib/neo4j-layout-5.16.0.jar
                                                                 [classpath] /var/lib/neo4j/lib/neo4j-push-to-cloud-5.16.0.jar
                                                                 [classpath] /var/lib/neo4j/lib/neo4j-collections-5.16.0.jar
                                                                 [classpath] /var/lib/neo4j/lib/neo4j-java-driver-5.15.0.jar
                                                                 [classpath] /var/lib/neo4j/lib/neo4j-cypher-dsl-2023.9.0.jar
                                                                 [classpath] /var/lib/neo4j/lib/scala-reflect-2.13.11.jar
                                                                 [classpath] /var/lib/neo4j/lib/neo4j-expressions-5.16.0.jar
                                                                 [classpath] /var/lib/neo4j/lib/neo4j-front-end-5.16.0.jar
                                                                 [classpath] /var/lib/neo4j/lib/neo4j-lucene-index-5.16.0.jar
                                                                 [classpath] /var/lib/neo4j/lib/jakarta.annotation-api-1.3.5.jar
                                                                 [classpath] /var/lib/neo4j/lib/neo4j-cypher-5.16.0.jar
                                                                 [classpath] /var/lib/neo4j/lib/neo4j-capabilities-5.16.0.jar
                                                                 [classpath] /var/lib/neo4j/lib/neo4j-unsafe-5.16.0.jar
                                                                 [classpath] /var/lib/neo4j/lib/neo4j-fulltext-index-5.16.0.jar
                                                                 [classpath] /var/lib/neo4j/lib/shiro-crypto-core-1.13.0.jar
                                                                 [classpath] /var/lib/neo4j/lib/neo4j-storage-engine-util-5.16.0.jar
                                                                 [classpath] /var/lib/neo4j/lib/neo4j-util-5.16.0.jar
                                                                 [classpath] /var/lib/neo4j/lib/commons-io-2.15.1.jar
                                                                 [classpath] /var/lib/neo4j/lib/server-api-5.16.0.jar
                                                                 [classpath] /var/lib/neo4j/lib/neo4j-cypher-planner-spi-5.16.0.jar
                                                                 [classpath] /var/lib/neo4j/lib/lucene-backward-codecs-9.8.0.jar
                                                                 [classpath] /var/lib/neo4j/lib/jackson-module-jaxb-annotations-2.16.0.jar
                                                                 [classpath] /var/lib/neo4j/lib/log4j-layout-template-json-2.20.0.jar
                                                                 [classpath] /var/lib/neo4j/lib/neo4j-record-storage-engine-5.16.0.jar
                                                                 [classpath] /var/lib/neo4j/lib/shiro-crypto-hash-1.13.0.jar
                                                                 [classpath] /var/lib/neo4j/lib/jersey-server-2.34.jar
                                                                 [classpath] /var/lib/neo4j/lib/scala-collection-contrib_2.13-0.3.0.jar
                                                                 [classpath] /var/lib/neo4j/lib/neo4j-native-5.16.0.jar
                                                                 [classpath] /var/lib/neo4j/lib/jersey-client-2.34.jar
                                                                 [classpath] /var/lib/neo4j/lib/netty-transport-classes-kqueue-4.1.101.Final.jar
                                                                 [classpath] /var/lib/neo4j/lib/jersey-hk2-2.34.jar
                                                                
                                                                --------------------------------------------------------------------------------
                                                                                                [ Library path ]                                
                                                                --------------------------------------------------------------------------------
                                                                /usr/java/packages/lib
                                                                /usr/lib64
                                                                /lib64
                                                                /lib
                                                                /usr/lib
                                                                
                                                                --------------------------------------------------------------------------------
                                                                                             [ System properties ]                              
                                                                --------------------------------------------------------------------------------
                                                                jdk.tls.rejectClientInitiatedRenegotiation = true
                                                                sun.jnu.encoding = ANSI_X3.4-1968
                                                                sun.arch.data.model = 64
                                                                user.timezone = Etc/UTC
                                                                sun.java.launcher = SUN_STANDARD
                                                                user.country = US
                                                                sun.boot.library.path = /opt/java/openjdk/lib
                                                                sun.java.command = org.neo4j.server.CommunityEntryPoint --home-dir=/var/lib/neo4j --config-dir=/var/lib/neo4j/conf --console-mode
                                                                jdk.debug = release
                                                                io.netty.tryReflectionSetAccessible = true
                                                                sun.cpu.endian = little
                                                                user.home = /var/lib/neo4j
                                                                user.language = en
                                                                file.separator = /
                                                                jdk.tls.ephemeralDHKeySize = 2048
                                                                sun.management.compiler = HotSpot 64-Bit Tiered Compilers
                                                                user.name = neo4j
                                                                jdk.nio.maxCachedBufferSize = 1024
                                                                path.separator = :
                                                                file.encoding = UTF-8
                                                                jnidispatch.path = /var/lib/neo4j/.cache/JNA/temp/jna10295162039768060775.tmp
                                                                jna.loaded = true
                                                                user.dir = /var/lib/neo4j
                                                                native.encoding = ANSI_X3.4-1968
                                                                sun.io.unicode.encoding = UnicodeLittle
                                                                log4j2.disable.jmx = true
                                                                
                                                                --------------------------------------------------------------------------------
                                                                                      [ (IANA) TimeZone database version ]                      
                                                                --------------------------------------------------------------------------------
                                                                  TimeZone version: 2023c (available for 603 zone identifiers)
                                                                
                                                                --------------------------------------------------------------------------------
                                                                                            [ Network information ]                             
                                                                --------------------------------------------------------------------------------
                                                                Interface eth0:
                                                                    address: 172.18.0.3
                                                                Interface lo:
                                                                    address: 127.0.0.1
                                                                
                                                                --------------------------------------------------------------------------------
                                                                                         [ Native access information ]                          
                                                                --------------------------------------------------------------------------------
                                                                Native access details: Linux native access is available.
                                                                
                                                                --------------------------------------------------------------------------------
                                                                                                [ DBMS config ]                                 
                                                                --------------------------------------------------------------------------------
                                                                DBMS provided settings:
                                                                db.tx_log.rotation.retention_policy=2 days 2G
                                                                server.bolt.enabled=true
                                                                server.default_listen_address=0.0.0.0
                                                                server.directories.import=/var/lib/neo4j/import
                                                                server.directories.logs=/logs
                                                                server.directories.neo4j_home=/var/lib/neo4j
                                                                server.http.enabled=true
                                                                server.https.enabled=false
                                                                server.jvm.additional=-XX:+UseG1GC
-XX:-OmitStackTraceInFastThrow
-XX:+AlwaysPreTouch
-XX:+UnlockExperimentalVMOptions
-XX:+TrustFinalNonStaticFields
-XX:+DisableExplicitGC
-Djdk.nio.maxCachedBufferSize=1024
-Dio.netty.tryReflectionSetAccessible=true
-Djdk.tls.ephemeralDHKeySize=2048
-Djdk.tls.rejectClientInitiatedRenegotiation=true
-XX:FlightRecorderOptions=stackdepth=256
-XX:+UnlockDiagnosticVMOptions
-XX:+DebugNonSafepoints
--add-opens=java.base/java.nio=ALL-UNNAMED
--add-opens=java.base/java.io=ALL-UNNAMED
--add-opens=java.base/sun.nio.ch=ALL-UNNAMED
-Dlog4j2.disable.jmx=true
                                                                server.memory.heap.initial_size=512.00MiB
                                                                server.memory.heap.max_size=2.00GiB
                                                                server.memory.pagecache.size=512.00MiB
                                                                server.windows_service_name=neo4j
                                                                Directories in use:
                                                                server.directories.data=/var/lib/neo4j/data
                                                                server.directories.dumps.root=/var/lib/neo4j/data/dumps
                                                                server.directories.import=/var/lib/neo4j/import
                                                                server.directories.lib=/var/lib/neo4j/lib
                                                                server.directories.licenses=/var/lib/neo4j/licenses
                                                                server.directories.logs=/logs
                                                                server.directories.neo4j_home=/var/lib/neo4j
                                                                server.directories.plugins=/var/lib/neo4j/plugins
                                                                server.directories.run=/var/lib/neo4j/run
                                                                server.directories.script.root=/var/lib/neo4j/data/scripts
                                                                server.directories.transaction.logs.root=/var/lib/neo4j/data/transactions
                                                                
                                                                --------------------------------------------------------------------------------
                                                                                                 [ Packaging ]                                  
                                                                --------------------------------------------------------------------------------
                                                                Edition: Community
                                                                Package Type: tar
                                                                
2026-04-05 14:19:55.690+0000 INFO  [o.n.d.i.DefaultIdentityModule] Generated new ServerId: ServerId{82712402} (82712402-1dfa-4eb7-9403-c0cc4f15bb75)
2026-04-05 14:19:55.692+0000 INFO  [o.n.d.i.DefaultIdentityModule] This instance is ServerId{82712402} (82712402-1dfa-4eb7-9403-c0cc4f15bb75)
2026-04-05 14:19:56.275+0000 INFO  [o.n.s.CommunityNeoWebServer] ======== Neo4j 5.16.0 ========
2026-04-05 14:19:56.295+0000 INFO  [o.n.d.d.DatabaseLifecycles] Creating 'DatabaseId{00000000[system]}'.
2026-04-05 14:19:56.389+0000 INFO  [o.n.b.BoltServer] Using connector transport epoll
2026-04-05 14:19:56.453+0000 INFO  [o.n.b.BoltServer] Configured external Bolt connector with listener address /0.0.0.0:7687
2026-04-05 14:19:56.454+0000 INFO  [o.n.b.BoltServer] Bolt server loaded
2026-04-05 14:19:56.476+0000 INFO  [o.n.d.d.DatabaseLifecycles] Starting 'DatabaseId{00000000[system]}'.
2026-04-05 14:19:57.080+0000 INFO  [o.n.i.d.DiagnosticsManager] [system/00000000] 
                                                                [system/00000000] ********************************************************************************
                                                                [system/00000000]                               [ Database: system ]                              
                                                                [system/00000000] ********************************************************************************
                                                                [system/00000000] --------------------------------------------------------------------------------
                                                                [system/00000000]                                   [ Version ]                                   
                                                                [system/00000000] --------------------------------------------------------------------------------
                                                                [system/00000000] DBMS: community record-aligned-1.1
                                                                [system/00000000] Kernel version: 5.16.0
                                                                [system/00000000] 
                                                                [system/00000000] --------------------------------------------------------------------------------
                                                                [system/00000000]                                 [ Store files ]                                 
                                                                [system/00000000] --------------------------------------------------------------------------------
                                                                [system/00000000] Disk space on partition (Total / Free / Free %): 511417970688 / 44405735424 / 8
                                                                [system/00000000] Storage files stored on file store: 9p
                                                                [system/00000000] Storage files: (filename : modification date - size)
                                                                [system/00000000]   neostore: 2026-04-05 14:19:56.912+0000 - 8.000KiB
                                                                [system/00000000]   neostore.counts.db: 2026-04-05 14:19:56.930+0000 - 0B
                                                                [system/00000000]   neostore.indexstats.db: 2026-04-05 14:19:56.952+0000 - 0B
                                                                [system/00000000]   neostore.labeltokenstore.db: 2026-04-05 14:19:56.890+0000 - 0B
                                                                [system/00000000]   neostore.labeltokenstore.db.id: 2026-04-05 14:19:56.887+0000 - 0B
                                                                [system/00000000]   neostore.labeltokenstore.db.names: 2026-04-05 14:19:56.885+0000 - 8.000KiB
                                                                [system/00000000]   neostore.labeltokenstore.db.names.id: 2026-04-05 14:19:56.881+0000 - 0B
                                                                [system/00000000]   neostore.nodestore.db: 2026-04-05 14:19:56.832+0000 - 0B
                                                                [system/00000000]   neostore.nodestore.db.id: 2026-04-05 14:19:56.830+0000 - 0B
                                                                [system/00000000]   neostore.nodestore.db.labels: 2026-04-05 14:19:56.813+0000 - 8.000KiB
                                                                [system/00000000]   neostore.nodestore.db.labels.id: 2026-04-05 14:19:56.787+0000 - 0B
                                                                [system/00000000]   neostore.propertystore.db: 2026-04-05 14:19:56.863+0000 - 0B
                                                                [system/00000000]   neostore.propertystore.db.arrays: 2026-04-05 14:19:56.858+0000 - 8.000KiB
                                                                [system/00000000]   neostore.propertystore.db.arrays.id: 2026-04-05 14:19:56.854+0000 - 0B
                                                                [system/00000000]   neostore.propertystore.db.id: 2026-04-05 14:19:56.862+0000 - 0B
                                                                [system/00000000]   neostore.propertystore.db.index: 2026-04-05 14:19:56.844+0000 - 0B
                                                                [system/00000000]   neostore.propertystore.db.index.id: 2026-04-05 14:19:56.841+0000 - 0B
                                                                [system/00000000]   neostore.propertystore.db.index.keys: 2026-04-05 14:19:56.838+0000 - 8.000KiB
                                                                [system/00000000]   neostore.propertystore.db.index.keys.id: 2026-04-05 14:19:56.834+0000 - 0B
                                                                [system/00000000]   neostore.propertystore.db.strings: 2026-04-05 14:19:56.851+0000 - 8.000KiB
                                                                [system/00000000]   neostore.propertystore.db.strings.id: 2026-04-05 14:19:56.847+0000 - 0B
                                                                [system/00000000]   neostore.relationshipgroupstore.db: 2026-04-05 14:19:56.904+0000 - 8.000KiB
                                                                [system/00000000]   neostore.relationshipgroupstore.db.id: 2026-04-05 14:19:56.900+0000 - 0B
                                                                [system/00000000]   neostore.relationshipgroupstore.degrees.db: 2026-04-05 14:19:56.942+0000 - 0B
                                                                [system/00000000]   neostore.relationshipstore.db: 2026-04-05 14:19:56.868+0000 - 0B
                                                                [system/00000000]   neostore.relationshipstore.db.id: 2026-04-05 14:19:56.866+0000 - 0B
                                                                [system/00000000]   neostore.relationshiptypestore.db: 2026-04-05 14:19:56.878+0000 - 0B
                                                                [system/00000000]   neostore.relationshiptypestore.db.id: 2026-04-05 14:19:56.876+0000 - 0B
                                                                [system/00000000]   neostore.relationshiptypestore.db.names: 2026-04-05 14:19:56.874+0000 - 8.000KiB
                                                                [system/00000000]   neostore.relationshiptypestore.db.names.id: 2026-04-05 14:19:56.870+0000 - 0B
                                                                [system/00000000]   neostore.schemastore.db: 2026-04-05 14:19:56.897+0000 - 8.000KiB
                                                                [system/00000000]   neostore.schemastore.db.id: 2026-04-05 14:19:56.893+0000 - 0B
                                                                [system/00000000] Storage summary: 
                                                                [system/00000000]   Total size of store: 72.00KiB
                                                                [system/00000000]   Total size of mapped files: 72.00KiB
                                                                [system/00000000] 
                                                                [system/00000000] --------------------------------------------------------------------------------
                                                                [system/00000000]                               [ Transaction log ]                               
                                                                [system/00000000] --------------------------------------------------------------------------------
                                                                [system/00000000] Transaction log files stored on file store: 9p
                                                                [system/00000000] Transaction log metadata:
                                                                [system/00000000]  - current kernel version used in transactions: V5_15
                                                                [system/00000000]  - last committed transaction id: 1
                                                                [system/00000000] Transaction log files:
                                                                [system/00000000]  - existing transaction log versions: -1--1
                                                                [system/00000000]  - no transactions found
                                                                [system/00000000] Checkpoint log files:
                                                                [system/00000000]  - existing checkpoint log versions: -1--1
                                                                [system/00000000]  - no checkpoints found
                                                                [system/00000000] 
                                                                [system/00000000] --------------------------------------------------------------------------------
                                                                [system/00000000]                                   [ Id usage ]                                  
                                                                [system/00000000] --------------------------------------------------------------------------------
                                                                [system/00000000] ArrayPropertyStore[neostore.nodestore.db.labels]: used=1 high=0
                                                                [system/00000000] NodeStore[neostore.nodestore.db]: used=0 high=-1
                                                                [system/00000000] StringPropertyStore[neostore.propertystore.db.index.keys]: used=1 high=0
                                                                [system/00000000] PropertyIndexStore[neostore.propertystore.db.index]: used=0 high=-1
                                                                [system/00000000] StringPropertyStore[neostore.propertystore.db.strings]: used=1 high=0
                                                                [system/00000000] ArrayPropertyStore[neostore.propertystore.db.arrays]: used=1 high=0
                                                                [system/00000000] PropertyStore[neostore.propertystore.db]: used=0 high=-1
                                                                [system/00000000] RelationshipStore[neostore.relationshipstore.db]: used=0 high=-1
                                                                [system/00000000] StringPropertyStore[neostore.relationshiptypestore.db.names]: used=1 high=0
                                                                [system/00000000] RelationshipTypeStore[neostore.relationshiptypestore.db]: used=0 high=-1
                                                                [system/00000000] StringPropertyStore[neostore.labeltokenstore.db.names]: used=1 high=0
                                                                [system/00000000] LabelTokenStore[neostore.labeltokenstore.db]: used=0 high=-1
                                                                [system/00000000] SchemaStore[neostore.schemastore.db]: used=1 high=0
                                                                [system/00000000] RelationshipGroupStore[neostore.relationshipgroupstore.db]: used=1 high=0
                                                                [system/00000000] NeoStore[neostore]: used=-1 high=-1
                                                                [system/00000000] 
                                                                [system/00000000] --------------------------------------------------------------------------------
                                                                [system/00000000]                                   [ Metadata ]                                  
                                                                [system/00000000] --------------------------------------------------------------------------------
                                                                [system/00000000] EXTERNAL_STORE_UUID (Database identifier exposed as external store identity. Generated on creation and never updated): 03fe9c38-f0d0-46e5-9828-35968125af37
                                                                [system/00000000] DATABASE_ID (The last used DatabaseId for this database): null
                                                                [system/00000000] LEGACY_STORE_VERSION (Legacy store format version. This field is used from 5.0 onwards only to distinguish non-migrated pre 5.0 metadata stores.): -3523014627327384477
                                                                [system/00000000] STORE_ID (Store ID): StoreId{creationTime=1775398796911, random=5460624582812078054, storageEngineName='record', formatName='aligned', majorVersion=1, minorVersion=1}
                                                                [system/00000000] 
2026-04-05 14:19:57.109+0000 INFO  [o.n.k.a.DatabaseAvailabilityGuard] [system/00000000] Requirement `Database unavailable` makes database system unavailable.
2026-04-05 14:19:57.110+0000 INFO  [o.n.k.a.DatabaseAvailabilityGuard] [system/00000000] DatabaseId{00000000[system]} is unavailable.
2026-04-05 14:19:57.130+0000 WARN  [o.n.k.i.s.MetaDataStore] [system/00000000] Missing counts store, rebuilding it.
2026-04-05 14:19:57.134+0000 WARN  [o.n.k.i.s.MetaDataStore] [system/00000000] Counts store rebuild completed.
2026-04-05 14:20:05.369+0000 INFO  [o.n.k.d.Database] [system/00000000] Starting transaction log [/var/lib/neo4j/data/transactions/system/neostore.transaction.db.0] at version=0
2026-04-05 14:20:05.409+0000 INFO  [o.n.k.d.Database] [system/00000000] Starting transaction log [/var/lib/neo4j/data/transactions/system/checkpoint.0] at version=0
2026-04-05 14:20:05.421+0000 INFO  [o.n.k.i.t.l.f.c.CheckpointLogFile] [system/00000000] Scanning log file with version 0 for checkpoint entries
2026-04-05 14:20:05.601+0000 INFO  [o.n.k.a.DatabaseAvailabilityGuard] [system/00000000] Fulfilling of requirement 'Database unavailable' makes database system available.
2026-04-05 14:20:05.605+0000 INFO  [o.n.k.a.DatabaseAvailabilityGuard] [system/00000000] DatabaseId{00000000[system]} is ready.
2026-04-05 14:20:05.835+0000 INFO  [o.n.k.i.a.i.IndexPopulationJob] [system/00000000] Index population started: [Index( id=2, name='index_f7700477', type='LOOKUP', schema=()-[:<any-types>]-(), indexProvider='token-lookup-1.0' )]
2026-04-05 14:20:05.888+0000 INFO  [o.n.k.i.a.i.IndexPopulationJob] [system/00000000] Index creation finished for index [Index( id=2, name='index_f7700477', type='LOOKUP', schema=()-[:<any-types>]-(), indexProvider='token-lookup-1.0' )].
2026-04-05 14:20:05.912+0000 INFO  [o.n.k.i.a.i.IndexPopulationJob] [system/00000000] Index population started: [Index( id=1, name='index_343aff4e', type='LOOKUP', schema=(:<any-labels>), indexProvider='token-lookup-1.0' )]
2026-04-05 14:20:05.930+0000 INFO  [o.n.k.i.a.i.IndexPopulationJob] [system/00000000] Index creation finished for index [Index( id=1, name='index_343aff4e', type='LOOKUP', schema=(:<any-labels>), indexProvider='token-lookup-1.0' )].
2026-04-05 14:20:05.941+0000 INFO  [o.n.k.i.t.l.c.CheckPointerImpl] [system/00000000] Checkpoint triggered by "Database init completed." @ txId: 3 checkpoint started...
2026-04-05 14:20:06.062+0000 INFO  [o.n.k.i.t.l.c.CheckPointerImpl] [system/00000000] Checkpoint triggered by "Database init completed." @ txId: 3 checkpoint completed in 119ms. Checkpoint flushed 74 pages (0% of total available pages), in 57 IOs. Checkpoint performed with IO limit: unlimited, paused in total 0 times( 0 millis).
2026-04-05 14:20:06.064+0000 INFO  [o.n.k.i.t.l.p.LogPruningImpl] [system/00000000] No log version pruned. The strategy used was '2 days 2147483648 size'. 
2026-04-05 14:20:06.154+0000 INFO  [o.n.k.i.a.i.IndexPopulationJob] [system/00000000] Index population started: [Index( id=3, name='constraint_798238d6', type='RANGE', schema=(:DatabaseName {name, namespace}), indexProvider='range-1.0' )]
2026-04-05 14:20:06.201+0000 INFO  [o.n.k.i.a.i.IndexPopulationJob] [system/00000000] Index creation finished for index [Index( id=3, name='constraint_798238d6', type='RANGE', schema=(:DatabaseName {name, namespace}), indexProvider='range-1.0' )].
2026-04-05 14:20:06.235+0000 INFO  [o.n.k.i.a.i.IndexPopulationJob] [system/00000000] Index population started: [Index( id=4, name='constraint_8014b60a', type='RANGE', schema=(:Database {name}), indexProvider='range-1.0' )]
2026-04-05 14:20:06.262+0000 INFO  [o.n.k.i.a.i.IndexPopulationJob] [system/00000000] Index creation finished for index [Index( id=4, name='constraint_8014b60a', type='RANGE', schema=(:Database {name}), indexProvider='range-1.0' )].
2026-04-05 14:20:06.300+0000 INFO  [o.n.k.i.a.i.IndexingService] [system/00000000] Constraint Index( id=3, name='constraint_798238d6', type='RANGE', schema=(:Label[1] {PropertyKey[11], PropertyKey[12]}), indexProvider='range-1.0' ) is ONLINE.
2026-04-05 14:20:06.300+0000 INFO  [o.n.k.i.a.i.IndexingService] [system/00000000] Constraint Index( id=4, name='constraint_8014b60a', type='RANGE', schema=(:Label[2] {PropertyKey[11]}), indexProvider='range-1.0' ) is ONLINE.
2026-04-05 14:20:06.463+0000 INFO  [o.n.k.i.a.i.IndexPopulationJob] [system/00000000] Index population started: [Index( id=7, name='constraint_5789ae3', type='RANGE', schema=(:User {name}), indexProvider='range-1.0' )]
2026-04-05 14:20:06.494+0000 INFO  [o.n.k.i.a.i.IndexPopulationJob] [system/00000000] Index creation finished for index [Index( id=7, name='constraint_5789ae3', type='RANGE', schema=(:User {name}), indexProvider='range-1.0' )].
2026-04-05 14:20:06.523+0000 INFO  [o.n.k.i.a.i.IndexPopulationJob] [system/00000000] Index population started: [Index( id=8, name='constraint_74fad970', type='RANGE', schema=(:User {id}), indexProvider='range-1.0' )]
2026-04-05 14:20:06.558+0000 INFO  [o.n.k.i.a.i.IndexPopulationJob] [system/00000000] Index creation finished for index [Index( id=8, name='constraint_74fad970', type='RANGE', schema=(:User {id}), indexProvider='range-1.0' )].
2026-04-05 14:20:06.571+0000 INFO  [o.n.k.i.a.i.IndexingService] [system/00000000] Constraint Index( id=7, name='constraint_5789ae3', type='RANGE', schema=(:Label[3] {PropertyKey[11]}), indexProvider='range-1.0' ) is ONLINE.
2026-04-05 14:20:06.571+0000 INFO  [o.n.k.i.a.i.IndexingService] [system/00000000] Constraint Index( id=8, name='constraint_74fad970', type='RANGE', schema=(:Label[3] {PropertyKey[26]}), indexProvider='range-1.0' ) is ONLINE.
2026-04-05 14:20:06.574+0000 INFO  [o.n.s.s.s.UserSecurityGraphComponent] Initializing system graph model for component 'security-users' with version -1 and status UNINITIALIZED
2026-04-05 14:20:06.584+0000 INFO  [o.n.s.s.s.UserSecurityGraphComponent] Setting up initial user from `auth.ini` file: neo4j
2026-04-05 14:20:06.585+0000 INFO  [o.n.s.s.a.CommunitySecurityModule] CREATE USER neo4j PASSWORD ****** CHANGE NOT REQUIRED
2026-04-05 14:20:06.600+0000 INFO  [o.n.s.s.s.UserSecurityGraphComponent] Setting version for 'security-users' to 4
2026-04-05 14:20:06.606+0000 INFO  [o.n.s.s.s.UserSecurityGraphComponent] After initialization of system graph model component 'security-users' have version 4 and status CURRENT
2026-04-05 14:20:06.614+0000 INFO  [o.n.s.s.s.UserSecurityGraphComponent] Performing postInitialization step for component 'security-users' with version 4 and status CURRENT
2026-04-05 14:20:06.619+0000 INFO  [o.n.d.d.DatabaseLifecycles] Creating 'DatabaseId{67608b86[neo4j]}'.
2026-04-05 14:20:06.621+0000 INFO  [o.n.d.d.DatabaseLifecycles] Starting 'DatabaseId{67608b86[neo4j]}'.
2026-04-05 14:20:06.643+0000 INFO  [o.n.k.i.s.f.RecordFormatSelector] [neo4j/67608b86] Selected configured format for store /var/lib/neo4j/data/databases/neo4j: RecordFormat:PageAlignedV5_0[aligned-1.1]
2026-04-05 14:20:06.794+0000 INFO  [o.n.i.d.DiagnosticsManager] [neo4j/67608b86] 
                                                                [neo4j/67608b86] ********************************************************************************
                                                                [neo4j/67608b86]                               [ Database: neo4j ]                               
                                                                [neo4j/67608b86] ********************************************************************************
                                                                [neo4j/67608b86] --------------------------------------------------------------------------------
                                                                [neo4j/67608b86]                                   [ Version ]                                   
                                                                [neo4j/67608b86] --------------------------------------------------------------------------------
                                                                [neo4j/67608b86] DBMS: community record-aligned-1.1
                                                                [neo4j/67608b86] Kernel version: 5.16.0
                                                                [neo4j/67608b86] 
                                                                [neo4j/67608b86] --------------------------------------------------------------------------------
                                                                [neo4j/67608b86]                                 [ Store files ]                                 
                                                                [neo4j/67608b86] --------------------------------------------------------------------------------
                                                                [neo4j/67608b86] Disk space on partition (Total / Free / Free %): 511417970688 / 44136271872 / 8
                                                                [neo4j/67608b86] Storage files stored on file store: 9p
                                                                [neo4j/67608b86] Storage files: (filename : modification date - size)
                                                                [neo4j/67608b86]   neostore: 2026-04-05 14:20:06.739+0000 - 8.000KiB
                                                                [neo4j/67608b86]   neostore.counts.db: 2026-04-05 14:20:06.743+0000 - 0B
                                                                [neo4j/67608b86]   neostore.indexstats.db: 2026-04-05 14:20:06.748+0000 - 0B
                                                                [neo4j/67608b86]   neostore.labeltokenstore.db: 2026-04-05 14:20:06.720+0000 - 0B
                                                                [neo4j/67608b86]   neostore.labeltokenstore.db.id: 2026-04-05 14:20:06.717+0000 - 0B
                                                                [neo4j/67608b86]   neostore.labeltokenstore.db.names: 2026-04-05 14:20:06.714+0000 - 8.000KiB
                                                                [neo4j/67608b86]   neostore.labeltokenstore.db.names.id: 2026-04-05 14:20:06.711+0000 - 0B
                                                                [neo4j/67608b86]   neostore.nodestore.db: 2026-04-05 14:20:06.660+0000 - 0B
                                                                [neo4j/67608b86]   neostore.nodestore.db.id: 2026-04-05 14:20:06.657+0000 - 0B
                                                                [neo4j/67608b86]   neostore.nodestore.db.labels: 2026-04-05 14:20:06.653+0000 - 8.000KiB
                                                                [neo4j/67608b86]   neostore.nodestore.db.labels.id: 2026-04-05 14:20:06.649+0000 - 0B
                                                                [neo4j/67608b86]   neostore.propertystore.db: 2026-04-05 14:20:06.688+0000 - 0B
                                                                [neo4j/67608b86]   neostore.propertystore.db.arrays: 2026-04-05 14:20:06.684+0000 - 8.000KiB
                                                                [neo4j/67608b86]   neostore.propertystore.db.arrays.id: 2026-04-05 14:20:06.680+0000 - 0B
                                                                [neo4j/67608b86]   neostore.propertystore.db.id: 2026-04-05 14:20:06.686+0000 - 0B
                                                                [neo4j/67608b86]   neostore.propertystore.db.index: 2026-04-05 14:20:06.672+0000 - 0B
                                                                [neo4j/67608b86]   neostore.propertystore.db.index.id: 2026-04-05 14:20:06.670+0000 - 0B
                                                                [neo4j/67608b86]   neostore.propertystore.db.index.keys: 2026-04-05 14:20:06.667+0000 - 8.000KiB
                                                                [neo4j/67608b86]   neostore.propertystore.db.index.keys.id: 2026-04-05 14:20:06.662+0000 - 0B
                                                                [neo4j/67608b86]   neostore.propertystore.db.strings: 2026-04-05 14:20:06.677+0000 - 8.000KiB
                                                                [neo4j/67608b86]   neostore.propertystore.db.strings.id: 2026-04-05 14:20:06.674+0000 - 0B
                                                                [neo4j/67608b86]   neostore.relationshipgroupstore.db: 2026-04-05 14:20:06.733+0000 - 8.000KiB
                                                                [neo4j/67608b86]   neostore.relationshipgroupstore.db.id: 2026-04-05 14:20:06.728+0000 - 0B
                                                                [neo4j/67608b86]   neostore.relationshipgroupstore.degrees.db: 2026-04-05 14:20:06.745+0000 - 0B
                                                                [neo4j/67608b86]   neostore.relationshipstore.db: 2026-04-05 14:20:06.692+0000 - 0B
                                                                [neo4j/67608b86]   neostore.relationshipstore.db.id: 2026-04-05 14:20:06.690+0000 - 0B
                                                                [neo4j/67608b86]   neostore.relationshiptypestore.db: 2026-04-05 14:20:06.708+0000 - 0B
                                                                [neo4j/67608b86]   neostore.relationshiptypestore.db.id: 2026-04-05 14:20:06.704+0000 - 0B
                                                                [neo4j/67608b86]   neostore.relationshiptypestore.db.names: 2026-04-05 14:20:06.700+0000 - 8.000KiB
                                                                [neo4j/67608b86]   neostore.relationshiptypestore.db.names.id: 2026-04-05 14:20:06.696+0000 - 0B
                                                                [neo4j/67608b86]   neostore.schemastore.db: 2026-04-05 14:20:06.725+0000 - 8.000KiB
                                                                [neo4j/67608b86]   neostore.schemastore.db.id: 2026-04-05 14:20:06.722+0000 - 0B
                                                                [neo4j/67608b86] Storage summary: 
                                                                [neo4j/67608b86]   Total size of store: 72.00KiB
                                                                [neo4j/67608b86]   Total size of mapped files: 72.00KiB
                                                                [neo4j/67608b86] 
                                                                [neo4j/67608b86] --------------------------------------------------------------------------------
                                                                [neo4j/67608b86]                               [ Transaction log ]                               
                                                                [neo4j/67608b86] --------------------------------------------------------------------------------
                                                                [neo4j/67608b86] Transaction log files stored on file store: 9p
                                                                [neo4j/67608b86] Transaction log metadata:
                                                                [neo4j/67608b86]  - current kernel version used in transactions: V5_15
                                                                [neo4j/67608b86]  - last committed transaction id: 1
                                                                [neo4j/67608b86] Transaction log files:
                                                                [neo4j/67608b86]  - existing transaction log versions: -1--1
                                                                [neo4j/67608b86]  - no transactions found
                                                                [neo4j/67608b86] Checkpoint log files:
                                                                [neo4j/67608b86]  - existing checkpoint log versions: -1--1
                                                                [neo4j/67608b86]  - no checkpoints found
                                                                [neo4j/67608b86] 
                                                                [neo4j/67608b86] --------------------------------------------------------------------------------
                                                                [neo4j/67608b86]                                   [ Id usage ]                                  
                                                                [neo4j/67608b86] --------------------------------------------------------------------------------
                                                                [neo4j/67608b86] ArrayPropertyStore[neostore.nodestore.db.labels]: used=1 high=0
                                                                [neo4j/67608b86] NodeStore[neostore.nodestore.db]: used=0 high=-1
                                                                [neo4j/67608b86] StringPropertyStore[neostore.propertystore.db.index.keys]: used=1 high=0
                                                                [neo4j/67608b86] PropertyIndexStore[neostore.propertystore.db.index]: used=0 high=-1
                                                                [neo4j/67608b86] StringPropertyStore[neostore.propertystore.db.strings]: used=1 high=0
                                                                [neo4j/67608b86] ArrayPropertyStore[neostore.propertystore.db.arrays]: used=1 high=0
                                                                [neo4j/67608b86] PropertyStore[neostore.propertystore.db]: used=0 high=-1
                                                                [neo4j/67608b86] RelationshipStore[neostore.relationshipstore.db]: used=0 high=-1
                                                                [neo4j/67608b86] StringPropertyStore[neostore.relationshiptypestore.db.names]: used=1 high=0
                                                                [neo4j/67608b86] RelationshipTypeStore[neostore.relationshiptypestore.db]: used=0 high=-1
                                                                [neo4j/67608b86] StringPropertyStore[neostore.labeltokenstore.db.names]: used=1 high=0
                                                                [neo4j/67608b86] LabelTokenStore[neostore.labeltokenstore.db]: used=0 high=-1
                                                                [neo4j/67608b86] SchemaStore[neostore.schemastore.db]: used=1 high=0
                                                                [neo4j/67608b86] RelationshipGroupStore[neostore.relationshipgroupstore.db]: used=1 high=0
                                                                [neo4j/67608b86] NeoStore[neostore]: used=-1 high=-1
                                                                [neo4j/67608b86] 
                                                                [neo4j/67608b86] --------------------------------------------------------------------------------
                                                                [neo4j/67608b86]                                   [ Metadata ]                                  
                                                                [neo4j/67608b86] --------------------------------------------------------------------------------
                                                                [neo4j/67608b86] EXTERNAL_STORE_UUID (Database identifier exposed as external store identity. Generated on creation and never updated): 1afc29f4-a52e-4c24-b626-9176f09b96c4
                                                                [neo4j/67608b86] DATABASE_ID (The last used DatabaseId for this database): null
                                                                [neo4j/67608b86] LEGACY_STORE_VERSION (Legacy store format version. This field is used from 5.0 onwards only to distinguish non-migrated pre 5.0 metadata stores.): -3523014627327384477
                                                                [neo4j/67608b86] STORE_ID (Store ID): StoreId{creationTime=1775398806739, random=255660228251454085, storageEngineName='record', formatName='aligned', majorVersion=1, minorVersion=1}
                                                                [neo4j/67608b86] 
2026-04-05 14:20:06.804+0000 INFO  [o.n.k.a.DatabaseAvailabilityGuard] [neo4j/67608b86] Requirement `Database unavailable` makes database neo4j unavailable.
2026-04-05 14:20:06.804+0000 INFO  [o.n.k.a.DatabaseAvailabilityGuard] [neo4j/67608b86] DatabaseId{67608b86[neo4j]} is unavailable.
2026-04-05 14:20:06.810+0000 WARN  [o.n.k.i.s.MetaDataStore] [neo4j/67608b86] Missing counts store, rebuilding it.
2026-04-05 14:20:06.810+0000 WARN  [o.n.k.i.s.MetaDataStore] [neo4j/67608b86] Counts store rebuild completed.
2026-04-05 14:20:15.001+0000 INFO  [o.n.k.d.Database] [neo4j/67608b86] Starting transaction log [/var/lib/neo4j/data/transactions/neo4j/neostore.transaction.db.0] at version=0
2026-04-05 14:20:15.039+0000 INFO  [o.n.k.d.Database] [neo4j/67608b86] Starting transaction log [/var/lib/neo4j/data/transactions/neo4j/checkpoint.0] at version=0
2026-04-05 14:20:15.049+0000 INFO  [o.n.k.i.t.l.f.c.CheckpointLogFile] [neo4j/67608b86] Scanning log file with version 0 for checkpoint entries
2026-04-05 14:20:15.180+0000 INFO  [o.n.k.a.DatabaseAvailabilityGuard] [neo4j/67608b86] Fulfilling of requirement 'Database unavailable' makes database neo4j available.
2026-04-05 14:20:15.181+0000 INFO  [o.n.k.a.DatabaseAvailabilityGuard] [neo4j/67608b86] DatabaseId{67608b86[neo4j]} is ready.
2026-04-05 14:20:15.186+0000 INFO  [o.n.k.i.a.i.IndexPopulationJob] [neo4j/67608b86] Index population started: [Index( id=2, name='index_f7700477', type='LOOKUP', schema=()-[:<any-types>]-(), indexProvider='token-lookup-1.0' )]
2026-04-05 14:20:15.209+0000 INFO  [o.n.k.i.a.i.IndexPopulationJob] [neo4j/67608b86] Index creation finished for index [Index( id=2, name='index_f7700477', type='LOOKUP', schema=()-[:<any-types>]-(), indexProvider='token-lookup-1.0' )].
2026-04-05 14:20:15.222+0000 INFO  [o.n.k.i.a.i.IndexPopulationJob] [neo4j/67608b86] Index population started: [Index( id=1, name='index_343aff4e', type='LOOKUP', schema=(:<any-labels>), indexProvider='token-lookup-1.0' )]
2026-04-05 14:20:15.236+0000 INFO  [o.n.k.i.a.i.IndexPopulationJob] [neo4j/67608b86] Index creation finished for index [Index( id=1, name='index_343aff4e', type='LOOKUP', schema=(:<any-labels>), indexProvider='token-lookup-1.0' )].
2026-04-05 14:20:15.244+0000 INFO  [o.n.k.i.t.l.c.CheckPointerImpl] [neo4j/67608b86] Checkpoint triggered by "Database init completed." @ txId: 3 checkpoint started...
2026-04-05 14:20:15.301+0000 INFO  [o.n.k.i.t.l.c.CheckPointerImpl] [neo4j/67608b86] Checkpoint triggered by "Database init completed." @ txId: 3 checkpoint completed in 56ms. Checkpoint flushed 74 pages (0% of total available pages), in 58 IOs. Checkpoint performed with IO limit: unlimited, paused in total 0 times( 0 millis).
2026-04-05 14:20:15.301+0000 INFO  [o.n.k.i.t.l.p.LogPruningImpl] [neo4j/67608b86] No log version pruned. The strategy used was '2 days 2147483648 size'. 
2026-04-05 14:20:15.339+0000 INFO  [o.n.b.p.c.c.n.SocketNettyConnector] Bolt enabled on 0.0.0.0:7687.
2026-04-05 14:20:15.339+0000 INFO  [o.n.b.BoltServer] Bolt server started
2026-04-05 14:20:15.340+0000 INFO  [o.n.s.A.ServerComponentsLifecycleAdapter] Starting web server
2026-04-05 14:20:15.947+0000 INFO  [o.n.s.CommunityNeoWebServer] HTTP enabled on 0.0.0.0:7474.
2026-04-05 14:20:15.948+0000 INFO  [o.n.s.CommunityNeoWebServer] Remote interface available at http://localhost:7474/
2026-04-05 14:20:15.948+0000 INFO  [o.n.s.A.ServerComponentsLifecycleAdapter] Web server started.
2026-04-05 14:20:15.952+0000 INFO  [o.n.g.f.DatabaseManagementServiceFactory] id: 38A63FA4251834BF6FF799813D09ED21AB43477BCDE9AF2682672C18CEA81B43
2026-04-05 14:20:15.952+0000 INFO  [o.n.g.f.DatabaseManagementServiceFactory] name: system
2026-04-05 14:20:15.953+0000 INFO  [o.n.g.f.DatabaseManagementServiceFactory] creationDate: 2026-04-05T14:19:56.911Z
2026-04-05 14:35:15.612+0000 INFO  [o.n.k.i.t.l.c.CheckPointerImpl] [system/00000000] Checkpoint triggered by "Scheduled checkpoint for every 15 minutes threshold" @ txId: 37 checkpoint started...
2026-04-05 14:35:15.851+0000 INFO  [o.n.k.i.t.l.c.CheckPointerImpl] [system/00000000] Checkpoint triggered by "Scheduled checkpoint for every 15 minutes threshold" @ txId: 37 checkpoint completed in 238ms. Checkpoint flushed 69 pages (0% of total available pages), in 69 IOs. Checkpoint performed with IO limit: unlimited, paused in total 0 times( 0 millis).
2026-04-05 14:35:15.851+0000 INFO  [o.n.k.i.t.l.p.LogPruningImpl] [system/00000000] No log version pruned. The strategy used was '2 days 2147483648 size'. 
2026-04-05 14:46:46.048+0000 WARN  [o.n.b.p.c.c.c.AtomicSchedulingConnection] [bolt-159] The client is unauthorized due to authentication failure.
2026-04-05 14:46:46.077+0000 WARN  [o.n.b.p.c.c.c.AtomicSchedulingConnection] [bolt-160] The client is unauthorized due to authentication failure.
2026-04-05 14:46:46.092+0000 WARN  [o.n.b.p.c.c.c.AtomicSchedulingConnection] [bolt-161] The client is unauthorized due to authentication failure.
2026-04-05 15:04:15.226+0000 INFO  [o.n.k.i.t.l.c.CheckPointerImpl] [neo4j/67608b86] Checkpoint triggered by "Scheduled checkpoint for every 15 minutes threshold" @ txId: 80 checkpoint started...
2026-04-05 15:04:15.309+0000 INFO  [o.n.k.i.t.l.c.CheckPointerImpl] [neo4j/67608b86] Checkpoint triggered by "Scheduled checkpoint for every 15 minutes threshold" @ txId: 80 checkpoint completed in 81ms. Checkpoint flushed 56 pages (0% of total available pages), in 56 IOs. Checkpoint performed with IO limit: unlimited, paused in total 0 times( 0 millis).
2026-04-05 15:04:15.309+0000 INFO  [o.n.k.i.t.l.p.LogPruningImpl] [neo4j/67608b86] No log version pruned. The strategy used was '2 days 2147483648 size'. 
2026-04-05 15:04:26.766+0000 INFO  [o.n.c.i.c.CypherQueryCaches] [neo4j/67608b86] Discarded stale query from the query cache after 2324 seconds. Reason: NodesAllCardinality changed from 10.0 to 36.0, which is a divergence of 0.7222222222222222 which is greater than threshold 0.4695518520574026. Query id: 701.
2026-04-05 15:04:26.812+0000 INFO  [o.n.c.i.c.CypherQueryCaches] [neo4j/67608b86] Discarded stale query from the query cache after 2644 seconds. Reason: NodesAllCardinality changed from 10.0 to 36.0, which is a divergence of 0.7222222222222222 which is greater than threshold 0.4464905347669778. Query id: 703.
2026-04-05 15:04:27.199+0000 INFO  [o.n.c.i.c.CypherQueryCaches] [neo4j/67608b86] Discarded stale query from the query cache after 1049 seconds. Reason: NodesAllCardinality changed from 10.0 to 36.0, which is a divergence of 0.7222222222222222 which is greater than threshold 0.5913798834209244. Query id: 707.
2026-04-05 15:04:27.234+0000 INFO  [o.n.c.i.c.CypherQueryCaches] [neo4j/67608b86] Discarded stale query from the query cache after 1049 seconds. Reason: CardinalityByLabelsAndRelationshipType(None,None,None) changed from 3.0 to 23.0, which is a divergence of 0.8695652173913043 which is greater than threshold 0.5913794021200415. Query id: 710.
2026-04-05 15:04:45.706+0000 INFO  [o.n.c.i.c.CypherQueryCaches] [neo4j/67608b86] Discarded stale query from the query cache after 1042 seconds. Reason: NodesAllCardinality changed from 10.0 to 36.0, which is a divergence of 0.7222222222222222 which is greater than threshold 0.5922056241996172. Query id: 711.
2026-04-05 15:04:45.908+0000 INFO  [o.n.c.i.c.CypherQueryCaches] [neo4j/67608b86] Discarded stale query from the query cache after 1043 seconds. Reason: NodesAllCardinality changed from 10.0 to 36.0, which is a divergence of 0.7222222222222222 which is greater than threshold 0.5921475916706296. Query id: 719.
2026-04-05 15:18:52.670+0000 INFO  [o.n.c.i.c.CypherQueryCaches] [neo4j/67608b86] Discarded stale query from the query cache after 884 seconds. Reason: NodesAllCardinality changed from 10.0 to 36.0, which is a divergence of 0.7222222222222222 which is greater than threshold 0.611903527663918. Query id: 1007.
2026-04-05 15:18:52.711+0000 INFO  [o.n.c.i.c.CypherQueryCaches] [neo4j/67608b86] Discarded stale query from the query cache after 884 seconds. Reason: NodesAllCardinality changed from 10.0 to 37.0, which is a divergence of 0.7297297297297297 which is greater than threshold 0.6119130606360903. Query id: 1008.
2026-04-05 15:18:52.739+0000 INFO  [o.n.c.i.c.CypherQueryCaches] [neo4j/67608b86] Discarded stale query from the query cache after 884 seconds. Reason: NodesAllCardinality changed from 10.0 to 38.0, which is a divergence of 0.7368421052631579 which is greater than threshold 0.6119171830944311. Query id: 1009.
2026-04-05 15:18:52.766+0000 INFO  [o.n.c.i.c.CypherQueryCaches] [neo4j/67608b86] Discarded stale query from the query cache after 884 seconds. Reason: NodesAllCardinality changed from 10.0 to 39.0, which is a divergence of 0.7435897435897436 which is greater than threshold 0.6119201461456731. Query id: 1010.
2026-04-05 15:18:52.804+0000 INFO  [o.n.c.i.c.CypherQueryCaches] [neo4j/67608b86] Discarded stale query from the query cache after 884 seconds. Reason: NodesAllCardinality changed from 10.0 to 41.0, which is a divergence of 0.7560975609756098 which is greater than threshold 0.6119303238011049. Query id: 1012.
2026-04-05 15:18:52.847+0000 INFO  [o.n.c.i.c.CypherQueryCaches] [neo4j/67608b86] Discarded stale query from the query cache after 884 seconds. Reason: NodesAllCardinality changed from 13.0 to 44.0, which is a divergence of 0.7045454545454546 which is greater than threshold 0.611936894366088. Query id: 1015.
2026-04-05 15:18:52.888+0000 INFO  [o.n.c.i.c.CypherQueryCaches] [neo4j/67608b86] Discarded stale query from the query cache after 884 seconds. Reason: NodesAllCardinality changed from 10.0 to 47.0, which is a divergence of 0.7872340425531915 which is greater than threshold 0.6119119012046899. Query id: 1018.
2026-04-05 15:18:52.963+0000 INFO  [o.n.c.i.c.CypherQueryCaches] [neo4j/67608b86] Discarded stale query from the query cache after 884 seconds. Reason: NodesAllCardinality changed from 16.0 to 56.0, which is a divergence of 0.7142857142857143 which is greater than threshold 0.6119292931370474. Query id: 1027.
2026-04-05 15:18:53.103+0000 INFO  [o.n.c.i.c.CypherQueryCaches] [neo4j/67608b86] Discarded stale query from the query cache after 884 seconds. Reason: CardinalityByLabelsAndRelationshipType(None,Some(RelTypeId(0)),None) changed from 3.0 to 11.0, which is a divergence of 0.7272727272727273 which is greater than threshold 0.6119568645963689. Query id: 1041.
2026-04-05 15:19:15.330+0000 INFO  [o.n.k.i.t.l.c.CheckPointerImpl] [neo4j/67608b86] Checkpoint triggered by "Scheduled checkpoint for every 15 minutes threshold" @ txId: 146 checkpoint started...
2026-04-05 15:19:15.383+0000 INFO  [o.n.k.i.t.l.c.CheckPointerImpl] [neo4j/67608b86] Checkpoint triggered by "Scheduled checkpoint for every 15 minutes threshold" @ txId: 146 checkpoint completed in 51ms. Checkpoint flushed 47 pages (0% of total available pages), in 45 IOs. Checkpoint performed with IO limit: unlimited, paused in total 0 times( 0 millis).
2026-04-05 15:19:15.383+0000 INFO  [o.n.k.i.t.l.p.LogPruningImpl] [neo4j/67608b86] No log version pruned. The strategy used was '2 days 2147483648 size'. 
2026-04-05 15:23:33.271+0000 INFO  [o.n.g.f.DatabaseManagementServiceFactory] Shutdown started
2026-04-05 15:23:33.296+0000 INFO  [o.n.b.BoltServer] Requested Bolt server shutdown
2026-04-05 15:23:33.297+0000 INFO  [o.n.b.p.c.c.ConnectionRegistry] Stopping remaining idle connections for connector bolt
2026-04-05 15:23:33.298+0000 INFO  [o.n.b.p.c.c.ConnectionRegistry] Stopped 10 idling connections for connector bolt
2026-04-05 15:23:33.302+0000 INFO  [o.n.d.d.DatabaseLifecycles] Stopping 'DatabaseId{67608b86[neo4j]}'.
2026-04-05 15:23:33.307+0000 INFO  [o.n.k.a.DatabaseAvailabilityGuard] [neo4j/67608b86] Requirement `Database unavailable` makes database neo4j unavailable.
2026-04-05 15:23:33.308+0000 INFO  [o.n.k.a.DatabaseAvailabilityGuard] [neo4j/67608b86] DatabaseId{67608b86[neo4j]} is unavailable.
2026-04-05 15:23:33.311+0000 INFO  [o.n.k.d.Database] [neo4j/67608b86] Waiting for closing transactions.
2026-04-05 15:23:33.313+0000 INFO  [o.n.k.d.Database] [neo4j/67608b86] All transactions are closed.
2026-04-05 15:23:33.313+0000 INFO  [o.n.k.i.t.l.c.CheckPointerImpl] [neo4j/67608b86] Checkpoint triggered by "Database shutdown" @ txId: 146 checkpoint started...
2026-04-05 15:23:33.349+0000 INFO  [o.n.k.i.t.l.c.CheckPointerImpl] [neo4j/67608b86] Checkpoint triggered by "Database shutdown" @ txId: 146 checkpoint completed in 35ms. Checkpoint flushed 23 pages (0% of total available pages), in 23 IOs. Checkpoint performed with IO limit: unlimited, paused in total 0 times( 0 millis).
2026-04-05 15:23:33.350+0000 INFO  [o.n.k.i.t.l.p.LogPruningImpl] [neo4j/67608b86] No log version pruned. The strategy used was '2 days 2147483648 size'. 
2026-04-05 15:23:33.474+0000 INFO  [o.n.d.d.DatabaseLifecycles] Stopped 'DatabaseId{67608b86[neo4j]}' successfully.
2026-04-05 15:23:33.474+0000 INFO  [o.n.d.d.DatabaseLifecycles] Stopping 'DatabaseId{00000000[system]}'.
2026-04-05 15:23:33.475+0000 INFO  [o.n.k.a.DatabaseAvailabilityGuard] [system/00000000] Requirement `Database unavailable` makes database system unavailable.
2026-04-05 15:23:33.476+0000 INFO  [o.n.k.a.DatabaseAvailabilityGuard] [system/00000000] DatabaseId{00000000[system]} is unavailable.
2026-04-05 15:23:33.477+0000 INFO  [o.n.k.d.Database] [system/00000000] Waiting for closing transactions.
2026-04-05 15:23:33.477+0000 INFO  [o.n.k.d.Database] [system/00000000] All transactions are closed.
2026-04-05 15:23:33.477+0000 INFO  [o.n.k.i.t.l.c.CheckPointerImpl] [system/00000000] Checkpoint triggered by "Database shutdown" @ txId: 37 checkpoint started...
2026-04-05 15:23:33.519+0000 INFO  [o.n.k.i.t.l.c.CheckPointerImpl] [system/00000000] Checkpoint triggered by "Database shutdown" @ txId: 37 checkpoint completed in 41ms. Checkpoint flushed 27 pages (0% of total available pages), in 26 IOs. Checkpoint performed with IO limit: unlimited, paused in total 0 times( 0 millis).
2026-04-05 15:23:33.520+0000 INFO  [o.n.k.i.t.l.p.LogPruningImpl] [system/00000000] No log version pruned. The strategy used was '2 days 2147483648 size'. 
2026-04-05 15:23:33.673+0000 INFO  [o.n.d.d.DatabaseLifecycles] Stopped 'DatabaseId{00000000[system]}' successfully.
2026-04-05 15:23:33.677+0000 INFO  [o.n.b.BoltServer] Shutting down Bolt server
2026-04-05 15:23:33.677+0000 INFO  [o.n.b.p.c.c.ConnectionRegistry] Stopping 0 connections for connector bolt
2026-04-05 15:23:33.678+0000 INFO  [o.n.b.p.c.c.ConnectionRegistry] Stopped all remaining connections for connector bolt
2026-04-05 15:23:38.395+0000 INFO  [o.n.b.BoltServer] Bolt server has been shut down
2026-04-05 15:24:22.423+0000 INFO  [o.n.g.f.m.GlobalModule] Logging config in use: File '/var/lib/neo4j/conf/server-logs.xml'
2026-04-05 15:24:22.720+0000 INFO  [o.n.i.d.DiagnosticsManager] 
                                                                ********************************************************************************
                                                                                             [ System diagnostics ]                             
                                                                ********************************************************************************
                                                                --------------------------------------------------------------------------------
                                                                                         [ System memory information ]                          
                                                                --------------------------------------------------------------------------------
                                                                Total Physical memory: 15.45GiB
                                                                Free Physical memory: 6.884GiB
                                                                Committed virtual memory: 5.749GiB
                                                                Total swap space: 4.000GiB
                                                                Free swap space: 4.000GiB
                                                                
                                                                --------------------------------------------------------------------------------
                                                                                           [ JVM memory information ]                           
                                                                --------------------------------------------------------------------------------
                                                                Free  memory: 486.3MiB
                                                                Total memory: 512.0MiB
                                                                Max   memory: 2.000GiB
                                                                Garbage Collector: G1 Young Generation: [G1 Eden Space, G1 Survivor Space, G1 Old Gen]
                                                                Garbage Collector: G1 Old Generation: [G1 Eden Space, G1 Survivor Space, G1 Old Gen]
                                                                Memory Pool: CodeHeap 'non-nmethods' (Non-heap memory): committed=2.438MiB, used=1.222MiB, max=5.570MiB, threshold=0B
                                                                Memory Pool: Metaspace (Non-heap memory): committed=21.75MiB, used=21.43MiB, max=-1B, threshold=0B
                                                                Memory Pool: CodeHeap 'profiled nmethods' (Non-heap memory): committed=5.438MiB, used=5.411MiB, max=117.2MiB, threshold=0B
                                                                Memory Pool: Compressed Class Space (Non-heap memory): committed=2.438MiB, used=2.308MiB, max=1.000GiB, threshold=0B
                                                                Memory Pool: G1 Eden Space (Heap memory): committed=312.0MiB, used=2.000MiB, max=-1B, threshold=?
                                                                Memory Pool: G1 Old Gen (Heap memory): committed=189.0MiB, used=12.15MiB, max=2.000GiB, threshold=0B
                                                                Memory Pool: G1 Survivor Space (Heap memory): committed=11.00MiB, used=10.53MiB, max=-1B, threshold=?
                                                                Memory Pool: CodeHeap 'non-profiled nmethods' (Non-heap memory): committed=2.438MiB, used=1.593MiB, max=117.2MiB, threshold=0B
                                                                
                                                                --------------------------------------------------------------------------------
                                                                                        [ Operating system information ]                        
                                                                --------------------------------------------------------------------------------
                                                                Operating System: Linux; version: 6.6.87.2-microsoft-standard-WSL2; arch: amd64; cpus: 12
                                                                Max number of file descriptors: 1048576
                                                                Number of open file descriptors: 190
                                                                Process id: 7
                                                                Byte order: LITTLE_ENDIAN
                                                                Local timezone: Etc/UTC
                                                                Memory page size: 4096
                                                                Unaligned memory access allowed: true
                                                                
                                                                --------------------------------------------------------------------------------
                                                                                              [ JVM information ]                               
                                                                --------------------------------------------------------------------------------
                                                                VM Name: OpenJDK 64-Bit Server VM
                                                                VM Vendor: Eclipse Adoptium
                                                                VM Version: 17.0.10+7
                                                                JIT compiler: HotSpot 64-Bit Tiered Compilers
                                                                VM Arguments: [-XX:+UseG1GC, -XX:-OmitStackTraceInFastThrow, -XX:+AlwaysPreTouch, -XX:+UnlockExperimentalVMOptions, -XX:+TrustFinalNonStaticFields, -XX:+DisableExplicitGC, -Djdk.nio.maxCachedBufferSize=1024, -Dio.netty.tryReflectionSetAccessible=true, -Djdk.tls.ephemeralDHKeySize=2048, -Djdk.tls.rejectClientInitiatedRenegotiation=true, -XX:FlightRecorderOptions=stackdepth=256, -XX:+UnlockDiagnosticVMOptions, -XX:+DebugNonSafepoints, --add-opens=java.base/java.nio=ALL-UNNAMED, --add-opens=java.base/java.io=ALL-UNNAMED, --add-opens=java.base/sun.nio.ch=ALL-UNNAMED, -Dlog4j2.disable.jmx=true, -Dfile.encoding=UTF-8, -Xms524288k, -Xmx2097152k]
                                                                
                                                                --------------------------------------------------------------------------------
                                                                                               [ Java classpath ]                               
                                                                --------------------------------------------------------------------------------
                                                                 [classpath] /var/lib/neo4j/lib/commons-compress-1.25.0.jar
                                                                 [classpath] /var/lib/neo4j/lib/neo4j-index-5.16.0.jar
                                                                 [classpath] /var/lib/neo4j/lib/shiro-cache-1.13.0.jar
                                                                 [classpath] /var/lib/neo4j/lib/jetty-security-10.0.17.jar
                                                                 [classpath] /var/lib/neo4j/lib/jPowerShell-3.0.jar
                                                                 [classpath] /var/lib/neo4j/lib/jackson-jaxrs-base-2.16.0.jar
                                                                 [classpath] /var/lib/neo4j/lib/netty-tcnative-classes-2.0.61.Final.jar
                                                                 [classpath] /var/lib/neo4j/lib/mercator_2.13-0.2.1.jar
                                                                 [classpath] /var/lib/neo4j/lib/neo4j-token-api-5.16.0.jar
                                                                 [classpath] /var/lib/neo4j/lib/neo4j-concurrent-5.16.0.jar
                                                                 [classpath] /var/lib/neo4j/lib/reactive-streams-1.0.4.jar
                                                                 [classpath] /var/lib/neo4j/lib/jaxb-runtime-2.3.2.jar
                                                                 [classpath] /var/lib/neo4j/lib/neo4j-graphdb-api-5.16.0.jar
                                                                 [classpath] /var/lib/neo4j/lib/neo4j-cypher-expression-evaluator-5.16.0.jar
                                                                 [classpath] /var/lib/neo4j/lib/neo4j-cypher-physical-planning-5.16.0.jar
                                                                 [classpath] /var/lib/neo4j/lib/neo4j-rewriting-5.16.0.jar
                                                                 [classpath] /var/lib/neo4j/lib/javassist-3.25.0-GA.jar
                                                                 [classpath] /var/lib/neo4j/lib/neo4j-slf4j-provider-5.16.0.jar
                                                                 [classpath] /var/lib/neo4j/lib/jersey-container-servlet-2.34.jar
                                                                 [classpath] /var/lib/neo4j/lib/cypher-ast-factory-5.16.0.jar
                                                                 [classpath] /var/lib/neo4j/lib/caffeine-3.1.8.jar
                                                                 [classpath] /var/lib/neo4j/lib/commons-configuration2-2.9.0.jar
                                                                 [classpath] /var/lib/neo4j/lib/scala-library-2.13.11.jar
                                                                 [classpath] /var/lib/neo4j/lib/shiro-core-1.13.0.jar
                                                                 [classpath] /var/lib/neo4j/lib/jetty-io-10.0.17.jar
                                                                 [classpath] /var/lib/neo4j/lib/neo4j-cypher-macros-5.16.0.jar
                                                                 [classpath] /var/lib/neo4j/lib/neo4j-graph-algo-5.16.0.jar
                                                                 [classpath] /var/lib/neo4j/lib/neo4j-fabric-5.16.0.jar
                                                                 [classpath] /var/lib/neo4j/lib/jetty-xml-10.0.17.jar
                                                                 [classpath] /var/lib/neo4j/lib/picocli-4.7.5.jar
                                                                 [classpath] /var/lib/neo4j/lib/jetty-servlet-10.0.17.jar
                                                                 [classpath] /var/lib/neo4j/lib/neo4j-data-collector-5.16.0.jar
                                                                 [classpath] /var/lib/neo4j/lib/neo4j-query-router-5.16.0.jar
                                                                 [classpath] /var/lib/neo4j/conf/*
                                                                 [classpath] /var/lib/neo4j/lib/neo4j-cypher-config-5.16.0.jar
                                                                 [classpath] /var/lib/neo4j/lib/netty-common-4.1.101.Final.jar
                                                                 [classpath] /var/lib/neo4j/lib/neo4j-server-5.16.0.jar
                                                                 [classpath] /var/lib/neo4j/lib/WMI4Java-1.6.3.jar
                                                                 [classpath] /var/lib/neo4j/lib/neo4j-cypher-interpreted-runtime-5.16.0.jar
                                                                 [classpath] /var/lib/neo4j/lib/neo4j-cypher-slotted-runtime-5.16.0.jar
                                                                 [classpath] /var/lib/neo4j/lib/jackson-core-2.16.0.jar
                                                                 [classpath] /var/lib/neo4j/lib/jackson-databind-2.16.0.jar
                                                                 [classpath] /var/lib/neo4j/lib/jakarta.xml.bind-api-2.3.2.jar
                                                                 [classpath] /var/lib/neo4j/lib/netty-transport-native-unix-common-4.1.101.Final.jar
                                                                 [classpath] /var/lib/neo4j/lib/jProcesses-1.6.5.jar
                                                                 [classpath] /var/lib/neo4j/lib/neo4j-exceptions-5.16.0.jar
                                                                 [classpath] /var/lib/neo4j/lib/neo4j-wal-5.16.0.jar
                                                                 [classpath] /var/lib/neo4j/lib/neo4j-diagnostics-5.16.0.jar
                                                                 [classpath] /var/lib/neo4j/lib/hk2-locator-2.6.1.jar
                                                                 [classpath] /var/lib/neo4j/lib/jersey-common-2.34.jar
                                                                 [classpath] /var/lib/neo4j/lib/netty-codec-http-4.1.101.Final.jar
                                                                 [classpath] /var/lib/neo4j/lib/neo4j-cypher-ir-5.16.0.jar
                                                                 [classpath] /var/lib/neo4j/lib/neo4j-kernel-api-5.16.0.jar
                                                                 [classpath] /var/lib/neo4j/lib/eclipse-collections-api-11.1.0.jar
                                                                 [classpath] /var/lib/neo4j/lib/jersey-container-servlet-core-2.34.jar
                                                                 [classpath] /var/lib/neo4j/lib/neo4j-ast-5.16.0.jar
                                                                 [classpath] /var/lib/neo4j/lib/jansi-2.4.0.jar
                                                                 [classpath] /var/lib/neo4j/lib/jetty-webapp-10.0.17.jar
                                                                 [classpath] /var/lib/neo4j/lib/jetty-http-10.0.17.jar
                                                                 [classpath] /var/lib/neo4j/lib/netty-transport-classes-epoll-4.1.101.Final.jar
                                                                 [classpath] /var/lib/neo4j/lib/neo4j-lock-5.16.0.jar
                                                                 [classpath] /var/lib/neo4j/lib/cypher-shell-5.16.0.jar
                                                                 [classpath] /var/lib/neo4j/lib/netty-transport-native-epoll-4.1.101.Final-linux-x86_64.jar
                                                                 [classpath] /var/lib/neo4j/lib/neo4j-configuration-5.16.0.jar
                                                                 [classpath] /var/lib/neo4j/lib/shiro-config-core-1.13.0.jar
                                                                 [classpath] /var/lib/neo4j/lib/ipaddress-5.4.0.jar
                                                                 [classpath] /var/lib/neo4j/lib/jline-terminal-3.21.0.jar
                                                                 [classpath] /var/lib/neo4j/lib/neo4j-ssl-5.16.0.jar
                                                                 [classpath] /var/lib/neo4j/lib/commons-logging-1.3.0.jar
                                                                 [classpath] /var/lib/neo4j/lib/lucene-analysis-common-9.8.0.jar
                                                                 [classpath] /var/lib/neo4j/lib/neo4j-spatial-index-5.16.0.jar
                                                                 [classpath] /var/lib/neo4j/lib/netty-transport-native-kqueue-4.1.101.Final-osx-x86_64.jar
                                                                 [classpath] /var/lib/neo4j/lib/commons-text-1.11.0.jar
                                                                 [classpath] /var/lib/neo4j/lib/jackson-annotations-2.16.0.jar
                                                                 [classpath] /var/lib/neo4j/lib/neo4j-logging-5.16.0.jar
                                                                 [classpath] /var/lib/neo4j/lib/jakarta.ws.rs-api-2.1.6.jar
                                                                 [classpath] /var/lib/neo4j/lib/kiama_2.13-2.5.1.jar
                                                                 [classpath] /var/lib/neo4j/lib/neo4j-cypher-planner-5.16.0.jar
                                                                 [classpath] /var/lib/neo4j/lib/jctools-core-4.0.2.jar
                                                                 [classpath] /var/lib/neo4j/lib/jline-terminal-jansi-3.21.0.jar
                                                                 [classpath] /var/lib/neo4j/lib/hk2-api-2.6.1.jar
                                                                 [classpath] /var/lib/neo4j/lib/neo4j-common-5.16.0.jar
                                                                 [classpath] /var/lib/neo4j/lib/neo4j-cypher-logical-plans-5.16.0.jar
                                                                 [classpath] /var/lib/neo4j/lib/jackson-jaxrs-json-provider-2.16.0.jar
                                                                 [classpath] /var/lib/neo4j/lib/shiro-lang-1.13.0.jar
                                                                 [classpath] /var/lib/neo4j/lib/neo4j-cypher-ast-factory-5.16.0.jar
                                                                 [classpath] /var/lib/neo4j/lib/netty-handler-4.1.101.Final.jar
                                                                 [classpath] /var/lib/neo4j/lib/neo4j-schema-5.16.0.jar
                                                                 [classpath] /var/lib/neo4j/lib/istack-commons-runtime-3.0.8.jar
                                                                 [classpath] /var/lib/neo4j/lib/netty-transport-4.1.101.Final.jar
                                                                 [classpath] /var/lib/neo4j/lib/neo4j-cypher-javacc-parser-5.16.0.jar
                                                                 [classpath] /var/lib/neo4j/lib/jetty-servlet-api-4.0.6.jar
                                                                 [classpath] /var/lib/neo4j/lib/neo4j-command-line-5.16.0.jar
                                                                 [classpath] /var/lib/neo4j/lib/netty-transport-native-kqueue-4.1.101.Final-osx-aarch_64.jar
                                                                 [classpath] /var/lib/neo4j/lib/shiro-crypto-cipher-1.13.0.jar
                                                                 [classpath] /var/lib/neo4j/lib/eclipse-collections-11.1.0.jar
                                                                 [classpath] /var/lib/neo4j/lib/neo4j-cypher-runtime-util-5.16.0.jar
                                                                 [classpath] /var/lib/neo4j/lib/cypher-literal-interpreter-5.16.0.jar
                                                                 [classpath] /var/lib/neo4j/lib/netty-codec-4.1.101.Final.jar
                                                                 [classpath] /var/lib/neo4j/lib/jetty-util-10.0.17.jar
                                                                 [classpath] /var/lib/neo4j/lib/neo4j-resource-5.16.0.jar
                                                                 [classpath] /var/lib/neo4j/lib/jetty-server-10.0.17.jar
                                                                 [classpath] /var/lib/neo4j/lib/neo4j-id-generator-5.16.0.jar
                                                                 [classpath] /var/lib/neo4j/lib/zstd-proxy-5.16.0.jar
                                                                 [classpath] /var/lib/neo4j/lib/jakarta.activation-api-1.2.2.jar
                                                                 [classpath] /var/lib/neo4j/lib/neo4j-values-5.16.0.jar
                                                                 [classpath] /var/lib/neo4j/lib/neo4j-browser-5.15.0.jar
                                                                 [classpath] /var/lib/neo4j/lib/neo4j-csv-5.16.0.jar
                                                                 [classpath] /var/lib/neo4j/lib/neo4j-notifications-5.16.0.jar
                                                                 [classpath] /var/lib/neo4j/plugins/*
                                                                 [classpath] /var/lib/neo4j/lib/jakarta.validation-api-2.0.2.jar
                                                                 [classpath] /var/lib/neo4j/lib/magnolia_2.13-0.17.0.jar
                                                                 [classpath] /var/lib/neo4j/lib/neo4j-procedure-api-5.16.0.jar
                                                                 [classpath] /var/lib/neo4j/lib/neo4j-import-util-5.16.0.jar
                                                                 [classpath] /var/lib/neo4j/lib/jettison-1.5.4.jar
                                                                 [classpath] /var/lib/neo4j/lib/netty-resolver-4.1.101.Final.jar
                                                                 [classpath] /var/lib/neo4j/lib/jakarta.inject-2.6.1.jar
                                                                 [classpath] /var/lib/neo4j/lib/neo4j-procedure-5.16.0.jar
                                                                 [classpath] /var/lib/neo4j/lib/neo4j-import-tool-5.16.0.jar
                                                                 [classpath] /var/lib/neo4j/lib/hk2-utils-2.6.1.jar
                                                                 [classpath] /var/lib/neo4j/lib/stax-ex-1.8.1.jar
                                                                 [classpath] /var/lib/neo4j/lib/neo4j-bootcheck-5.16.0.jar
                                                                 [classpath] /var/lib/neo4j/lib/neo4j-monitoring-5.16.0.jar
                                                                 [classpath] /var/lib/neo4j/lib/slf4j-api-2.0.9.jar
                                                                 [classpath] /var/lib/neo4j/lib/txw2-2.3.2.jar
                                                                 [classpath] /var/lib/neo4j/lib/netty-transport-native-epoll-4.1.101.Final-linux-aarch_64.jar
                                                                 [classpath] /var/lib/neo4j/lib/commons-lang3-3.14.0.jar
                                                                 [classpath] /var/lib/neo4j/lib/log4j-api-2.20.0.jar
                                                                 [classpath] /var/lib/neo4j/lib/lucene-core-9.8.0.jar
                                                                 [classpath] /var/lib/neo4j/lib/jline-reader-3.21.0.jar
                                                                 [classpath] /var/lib/neo4j/lib/lucene-queryparser-9.8.0.jar
                                                                 [classpath] /var/lib/neo4j/lib/FastInfoset-1.2.16.jar
                                                                 [classpath] /var/lib/neo4j/lib/argparse4j-0.9.0.jar
                                                                 [classpath] /var/lib/neo4j/lib/neo4j-dbms-5.16.0.jar
                                                                 [classpath] /var/lib/neo4j/lib/neo4j-5.16.0.jar
                                                                 [classpath] /var/lib/neo4j/lib/log4j-core-2.20.0.jar
                                                                 [classpath] /var/lib/neo4j/lib/neo4j-io-5.16.0.jar
                                                                 [classpath] /var/lib/neo4j/lib/shiro-event-1.13.0.jar
                                                                 [classpath] /var/lib/neo4j/lib/neo4j-security-5.16.0.jar
                                                                 [classpath] /var/lib/neo4j/lib/jna-5.13.0.jar
                                                                 [classpath] /var/lib/neo4j/lib/reactor-core-3.6.0.jar
                                                                 [classpath] /var/lib/neo4j/lib/netty-buffer-4.1.101.Final.jar
                                                                 [classpath] /var/lib/neo4j/lib/neo4j-bolt-5.16.0.jar
                                                                 [classpath] /var/lib/neo4j/lib/neo4j-consistency-check-5.16.0.jar
                                                                 [classpath] /var/lib/neo4j/lib/neo4j-kernel-5.16.0.jar
                                                                 [classpath] /var/lib/neo4j/lib/zstd-jni-1.5.5-10.jar
                                                                 [classpath] /var/lib/neo4j/lib/neo4j-codegen-5.16.0.jar
                                                                 [classpath] /var/lib/neo4j/lib/neo4j-cypher-cache-5.16.0.jar
                                                                 [classpath] /var/lib/neo4j/lib/annotations-5.16.0.jar
                                                                 [classpath] /var/lib/neo4j/lib/neo4j-layout-5.16.0.jar
                                                                 [classpath] /var/lib/neo4j/lib/neo4j-push-to-cloud-5.16.0.jar
                                                                 [classpath] /var/lib/neo4j/lib/neo4j-collections-5.16.0.jar
                                                                 [classpath] /var/lib/neo4j/lib/neo4j-java-driver-5.15.0.jar
                                                                 [classpath] /var/lib/neo4j/lib/neo4j-cypher-dsl-2023.9.0.jar
                                                                 [classpath] /var/lib/neo4j/lib/scala-reflect-2.13.11.jar
                                                                 [classpath] /var/lib/neo4j/lib/neo4j-expressions-5.16.0.jar
                                                                 [classpath] /var/lib/neo4j/lib/neo4j-front-end-5.16.0.jar
                                                                 [classpath] /var/lib/neo4j/lib/neo4j-lucene-index-5.16.0.jar
                                                                 [classpath] /var/lib/neo4j/lib/jakarta.annotation-api-1.3.5.jar
                                                                 [classpath] /var/lib/neo4j/lib/neo4j-cypher-5.16.0.jar
                                                                 [classpath] /var/lib/neo4j/lib/neo4j-capabilities-5.16.0.jar
                                                                 [classpath] /var/lib/neo4j/lib/neo4j-unsafe-5.16.0.jar
                                                                 [classpath] /var/lib/neo4j/lib/neo4j-fulltext-index-5.16.0.jar
                                                                 [classpath] /var/lib/neo4j/lib/shiro-crypto-core-1.13.0.jar
                                                                 [classpath] /var/lib/neo4j/lib/neo4j-storage-engine-util-5.16.0.jar
                                                                 [classpath] /var/lib/neo4j/lib/neo4j-util-5.16.0.jar
                                                                 [classpath] /var/lib/neo4j/lib/commons-io-2.15.1.jar
                                                                 [classpath] /var/lib/neo4j/lib/server-api-5.16.0.jar
                                                                 [classpath] /var/lib/neo4j/lib/neo4j-cypher-planner-spi-5.16.0.jar
                                                                 [classpath] /var/lib/neo4j/lib/lucene-backward-codecs-9.8.0.jar
                                                                 [classpath] /var/lib/neo4j/lib/jackson-module-jaxb-annotations-2.16.0.jar
                                                                 [classpath] /var/lib/neo4j/lib/log4j-layout-template-json-2.20.0.jar
                                                                 [classpath] /var/lib/neo4j/lib/neo4j-record-storage-engine-5.16.0.jar
                                                                 [classpath] /var/lib/neo4j/lib/shiro-crypto-hash-1.13.0.jar
                                                                 [classpath] /var/lib/neo4j/lib/jersey-server-2.34.jar
                                                                 [classpath] /var/lib/neo4j/lib/scala-collection-contrib_2.13-0.3.0.jar
                                                                 [classpath] /var/lib/neo4j/lib/neo4j-native-5.16.0.jar
                                                                 [classpath] /var/lib/neo4j/lib/jersey-client-2.34.jar
                                                                 [classpath] /var/lib/neo4j/lib/netty-transport-classes-kqueue-4.1.101.Final.jar
                                                                 [classpath] /var/lib/neo4j/lib/jersey-hk2-2.34.jar
                                                                
                                                                --------------------------------------------------------------------------------
                                                                                                [ Library path ]                                
                                                                --------------------------------------------------------------------------------
                                                                /usr/java/packages/lib
                                                                /usr/lib64
                                                                /lib64
                                                                /lib
                                                                /usr/lib
                                                                
                                                                --------------------------------------------------------------------------------
                                                                                             [ System properties ]                              
                                                                --------------------------------------------------------------------------------
                                                                jdk.tls.rejectClientInitiatedRenegotiation = true
                                                                sun.jnu.encoding = ANSI_X3.4-1968
                                                                sun.arch.data.model = 64
                                                                user.timezone = Etc/UTC
                                                                sun.java.launcher = SUN_STANDARD
                                                                user.country = US
                                                                sun.boot.library.path = /opt/java/openjdk/lib
                                                                sun.java.command = org.neo4j.server.CommunityEntryPoint --home-dir=/var/lib/neo4j --config-dir=/var/lib/neo4j/conf --console-mode
                                                                jdk.debug = release
                                                                io.netty.tryReflectionSetAccessible = true
                                                                sun.cpu.endian = little
                                                                user.home = /var/lib/neo4j
                                                                user.language = en
                                                                file.separator = /
                                                                jdk.tls.ephemeralDHKeySize = 2048
                                                                sun.management.compiler = HotSpot 64-Bit Tiered Compilers
                                                                user.name = neo4j
                                                                jdk.nio.maxCachedBufferSize = 1024
                                                                path.separator = :
                                                                file.encoding = UTF-8
                                                                jnidispatch.path = /var/lib/neo4j/.cache/JNA/temp/jna2931676170777724327.tmp
                                                                jna.loaded = true
                                                                user.dir = /var/lib/neo4j
                                                                native.encoding = ANSI_X3.4-1968
                                                                sun.io.unicode.encoding = UnicodeLittle
                                                                log4j2.disable.jmx = true
                                                                
                                                                --------------------------------------------------------------------------------
                                                                                      [ (IANA) TimeZone database version ]                      
                                                                --------------------------------------------------------------------------------
                                                                  TimeZone version: 2023c (available for 603 zone identifiers)
                                                                
                                                                --------------------------------------------------------------------------------
                                                                                            [ Network information ]                             
                                                                --------------------------------------------------------------------------------
                                                                Interface eth0:
                                                                    address: 172.18.0.3
                                                                Interface lo:
                                                                    address: 127.0.0.1
                                                                
                                                                --------------------------------------------------------------------------------
                                                                                         [ Native access information ]                          
                                                                --------------------------------------------------------------------------------
                                                                Native access details: Linux native access is available.
                                                                
                                                                --------------------------------------------------------------------------------
                                                                                                [ DBMS config ]                                 
                                                                --------------------------------------------------------------------------------
                                                                DBMS provided settings:
                                                                db.tx_log.rotation.retention_policy=2 days 2G
                                                                server.bolt.enabled=true
                                                                server.default_listen_address=0.0.0.0
                                                                server.directories.import=/var/lib/neo4j/import
                                                                server.directories.logs=/logs
                                                                server.directories.neo4j_home=/var/lib/neo4j
                                                                server.http.enabled=true
                                                                server.https.enabled=false
                                                                server.jvm.additional=-XX:+UseG1GC
-XX:-OmitStackTraceInFastThrow
-XX:+AlwaysPreTouch
-XX:+UnlockExperimentalVMOptions
-XX:+TrustFinalNonStaticFields
-XX:+DisableExplicitGC
-Djdk.nio.maxCachedBufferSize=1024
-Dio.netty.tryReflectionSetAccessible=true
-Djdk.tls.ephemeralDHKeySize=2048
-Djdk.tls.rejectClientInitiatedRenegotiation=true
-XX:FlightRecorderOptions=stackdepth=256
-XX:+UnlockDiagnosticVMOptions
-XX:+DebugNonSafepoints
--add-opens=java.base/java.nio=ALL-UNNAMED
--add-opens=java.base/java.io=ALL-UNNAMED
--add-opens=java.base/sun.nio.ch=ALL-UNNAMED
-Dlog4j2.disable.jmx=true
                                                                server.memory.heap.initial_size=512.00MiB
                                                                server.memory.heap.max_size=2.00GiB
                                                                server.memory.pagecache.size=512.00MiB
                                                                server.windows_service_name=neo4j
                                                                Directories in use:
                                                                server.directories.data=/var/lib/neo4j/data
                                                                server.directories.dumps.root=/var/lib/neo4j/data/dumps
                                                                server.directories.import=/var/lib/neo4j/import
                                                                server.directories.lib=/var/lib/neo4j/lib
                                                                server.directories.licenses=/var/lib/neo4j/licenses
                                                                server.directories.logs=/logs
                                                                server.directories.neo4j_home=/var/lib/neo4j
                                                                server.directories.plugins=/var/lib/neo4j/plugins
                                                                server.directories.run=/var/lib/neo4j/run
                                                                server.directories.script.root=/var/lib/neo4j/data/scripts
                                                                server.directories.transaction.logs.root=/var/lib/neo4j/data/transactions
                                                                
                                                                --------------------------------------------------------------------------------
                                                                                                 [ Packaging ]                                  
                                                                --------------------------------------------------------------------------------
                                                                Edition: Community
                                                                Package Type: tar
                                                                
2026-04-05 15:24:22.833+0000 INFO  [o.n.d.i.DefaultIdentityModule] Found ServerId on disk: ServerId{82712402} (82712402-1dfa-4eb7-9403-c0cc4f15bb75)
2026-04-05 15:24:22.834+0000 INFO  [o.n.d.i.DefaultIdentityModule] This instance is ServerId{82712402} (82712402-1dfa-4eb7-9403-c0cc4f15bb75)
2026-04-05 15:24:23.496+0000 INFO  [o.n.s.CommunityNeoWebServer] ======== Neo4j 5.16.0 ========
2026-04-05 15:24:23.515+0000 INFO  [o.n.d.d.DatabaseLifecycles] Creating 'DatabaseId{00000000[system]}'.
2026-04-05 15:24:23.622+0000 INFO  [o.n.b.BoltServer] Using connector transport epoll
2026-04-05 15:24:23.702+0000 INFO  [o.n.b.BoltServer] Configured external Bolt connector with listener address /0.0.0.0:7687
2026-04-05 15:24:23.703+0000 INFO  [o.n.b.BoltServer] Bolt server loaded
2026-04-05 15:24:23.737+0000 INFO  [o.n.d.d.DatabaseLifecycles] Starting 'DatabaseId{00000000[system]}'.
2026-04-05 15:24:23.984+0000 INFO  [o.n.k.i.t.l.f.c.CheckpointLogFile] [system/00000000] Scanning log file with version 0 for checkpoint entries
2026-04-05 15:24:24.092+0000 INFO  [o.n.k.i.s.f.RecordFormatSelector] [system/00000000] Selected RecordFormat:PageAlignedV5_0[aligned-1.1] record format from store /data/databases/system
2026-04-05 15:24:24.092+0000 INFO  [o.n.k.i.s.f.RecordFormatSelector] [system/00000000] Selected format from the store files: RecordFormat:PageAlignedV5_0[aligned-1.1]
2026-04-05 15:24:24.705+0000 INFO  [o.n.i.d.DiagnosticsManager] [system/00000000] 
                                                                [system/00000000] ********************************************************************************
                                                                [system/00000000]                               [ Database: system ]                              
                                                                [system/00000000] ********************************************************************************
                                                                [system/00000000] --------------------------------------------------------------------------------
                                                                [system/00000000]                                   [ Version ]                                   
                                                                [system/00000000] --------------------------------------------------------------------------------
                                                                [system/00000000] DBMS: community record-aligned-1.1
                                                                [system/00000000] Kernel version: 5.16.0
                                                                [system/00000000] 
                                                                [system/00000000] --------------------------------------------------------------------------------
                                                                [system/00000000]                                 [ Store files ]                                 
                                                                [system/00000000] --------------------------------------------------------------------------------
                                                                [system/00000000] Disk space on partition (Total / Free / Free %): 511417970688 / 38191812608 / 7
                                                                [system/00000000] Storage files stored on file store: 9p
                                                                [system/00000000] Storage files: (filename : modification date - size)
                                                                [system/00000000]   database_lock: 2026-04-05 14:19:57.110+0000 - 0B
                                                                [system/00000000]   neostore: 2026-04-05 14:19:56.912+0000 - 8.000KiB
                                                                [system/00000000]   neostore.counts.db: 2026-04-05 15:24:24.382+0000 - 48.00KiB
                                                                [system/00000000]   neostore.indexstats.db: 2026-04-05 15:24:24.410+0000 - 48.00KiB
                                                                [system/00000000]   neostore.labeltokenstore.db: 2026-04-05 14:35:15.828+0000 - 8.000KiB
                                                                [system/00000000]   neostore.labeltokenstore.db.id: 2026-04-05 15:24:24.335+0000 - 40.00KiB
                                                                [system/00000000]   neostore.labeltokenstore.db.names: 2026-04-05 14:35:15.844+0000 - 8.000KiB
                                                                [system/00000000]   neostore.labeltokenstore.db.names.id: 2026-04-05 15:24:24.328+0000 - 40.00KiB
                                                                [system/00000000]   neostore.nodestore.db: 2026-04-05 14:35:15.833+0000 - 8.000KiB
                                                                [system/00000000]   neostore.nodestore.db.id: 2026-04-05 15:24:24.255+0000 - 40.00KiB
                                                                [system/00000000]   neostore.nodestore.db.labels: 2026-04-05 14:19:56.813+0000 - 8.000KiB
                                                                [system/00000000]   neostore.nodestore.db.labels.id: 2026-04-05 15:24:24.240+0000 - 40.00KiB
                                                                [system/00000000]   neostore.propertystore.db: 2026-04-05 14:35:15.838+0000 - 8.000KiB
                                                                [system/00000000]   neostore.propertystore.db.arrays: 2026-04-05 14:19:56.858+0000 - 8.000KiB
                                                                [system/00000000]   neostore.propertystore.db.arrays.id: 2026-04-05 15:24:24.286+0000 - 40.00KiB
                                                                [system/00000000]   neostore.propertystore.db.id: 2026-04-05 15:24:24.295+0000 - 40.00KiB
                                                                [system/00000000]   neostore.propertystore.db.index: 2026-04-05 14:35:15.805+0000 - 8.000KiB
                                                                [system/00000000]   neostore.propertystore.db.index.id: 2026-04-05 15:24:24.272+0000 - 40.00KiB
                                                                [system/00000000]   neostore.propertystore.db.index.keys: 2026-04-05 14:35:15.836+0000 - 8.000KiB
                                                                [system/00000000]   neostore.propertystore.db.index.keys.id: 2026-04-05 15:24:24.263+0000 - 40.00KiB
                                                                [system/00000000]   neostore.propertystore.db.strings: 2026-04-05 14:35:15.809+0000 - 8.000KiB
                                                                [system/00000000]   neostore.propertystore.db.strings.id: 2026-04-05 15:24:24.279+0000 - 40.00KiB
                                                                [system/00000000]   neostore.relationshipgroupstore.db: 2026-04-05 14:19:56.904+0000 - 8.000KiB
                                                                [system/00000000]   neostore.relationshipgroupstore.db.id: 2026-04-05 15:24:24.351+0000 - 40.00KiB
                                                                [system/00000000]   neostore.relationshipgroupstore.degrees.db: 2026-04-05 15:24:24.399+0000 - 40.00KiB
                                                                [system/00000000]   neostore.relationshipstore.db: 2026-04-05 14:35:15.800+0000 - 8.000KiB
                                                                [system/00000000]   neostore.relationshipstore.db.id: 2026-04-05 15:24:24.303+0000 - 40.00KiB
                                                                [system/00000000]   neostore.relationshiptypestore.db: 2026-04-05 14:35:15.821+0000 - 8.000KiB
                                                                [system/00000000]   neostore.relationshiptypestore.db.id: 2026-04-05 15:24:24.319+0000 - 40.00KiB
                                                                [system/00000000]   neostore.relationshiptypestore.db.names: 2026-04-05 14:35:15.812+0000 - 8.000KiB
                                                                [system/00000000]   neostore.relationshiptypestore.db.names.id: 2026-04-05 15:24:24.311+0000 - 40.00KiB
                                                                [system/00000000]   neostore.schemastore.db: 2026-04-05 14:35:15.827+0000 - 8.000KiB
                                                                [system/00000000]   neostore.schemastore.db.id: 2026-04-05 15:24:24.343+0000 - 40.00KiB
                                                                [system/00000000]   schema:
                                                                [system/00000000]     index:
                                                                [system/00000000]       range-1.0:
                                                                [system/00000000]         3:
                                                                [system/00000000]           index-3: 2026-04-05 15:23:33.544+0000 - 48.00KiB
                                                                [system/00000000]         - Total: 2026-04-05 14:20:06.161+0000 - 48.00KiB
                                                                [system/00000000]         4:
                                                                [system/00000000]           index-4: 2026-04-05 15:23:33.553+0000 - 48.00KiB
                                                                [system/00000000]         - Total: 2026-04-05 14:20:06.238+0000 - 48.00KiB
                                                                [system/00000000]         7:
                                                                [system/00000000]           index-7: 2026-04-05 15:23:33.557+0000 - 48.00KiB
                                                                [system/00000000]         - Total: 2026-04-05 14:20:06.467+0000 - 48.00KiB
                                                                [system/00000000]         8:
                                                                [system/00000000]           index-8: 2026-04-05 15:23:33.563+0000 - 48.00KiB
                                                                [system/00000000]         - Total: 2026-04-05 14:20:06.527+0000 - 48.00KiB
                                                                [system/00000000]       - Total: 2026-04-05 14:20:06.524+0000 - 192.0KiB
                                                                [system/00000000]       token-lookup-1.0:
                                                                [system/00000000]         1:
                                                                [system/00000000]           index-1: 2026-04-05 15:23:33.535+0000 - 48.00KiB
                                                                [system/00000000]         - Total: 2026-04-05 14:20:05.916+0000 - 48.00KiB
                                                                [system/00000000]         2:
                                                                [system/00000000]           index-2: 2026-04-05 15:23:33.538+0000 - 48.00KiB
                                                                [system/00000000]         - Total: 2026-04-05 14:20:05.850+0000 - 48.00KiB
                                                                [system/00000000]       - Total: 2026-04-05 14:20:05.913+0000 - 96.00KiB
                                                                [system/00000000]     - Total: 2026-04-05 14:20:06.156+0000 - 288.0KiB
                                                                [system/00000000]   - Total: 2026-04-05 14:20:05.839+0000 - 288.0KiB
                                                                [system/00000000] Storage summary: 
                                                                [system/00000000]   Total size of store: 1.078MiB
                                                                [system/00000000]   Total size of mapped files: 408.0KiB
                                                                [system/00000000] 
                                                                [system/00000000] --------------------------------------------------------------------------------
                                                                [system/00000000]                               [ Transaction log ]                               
                                                                [system/00000000] --------------------------------------------------------------------------------
                                                                [system/00000000] Transaction log files stored on file store: 9p
                                                                [system/00000000] Transaction log metadata:
                                                                [system/00000000]  - current kernel version used in transactions: V5_15
                                                                [system/00000000]  - last committed transaction id: 37
                                                                [system/00000000] Transaction log files:
                                                                [system/00000000]  - existing transaction log versions: 0-0
                                                                [system/00000000]  - oldest transaction 2 found in log with version 0
                                                                [system/00000000]  - files: (filename : creation date - size)
                                                                [system/00000000]      neostore.transaction.db.0: 2026-04-05 14:20:06.607+0000 - 256.0MiB
                                                                [system/00000000]  - total size of files: 256.0MiB
                                                                [system/00000000] Checkpoint log files:
                                                                [system/00000000]  - existing checkpoint log versions: 0-0
                                                                [system/00000000]  - last checkpoint: CheckpointInfo[transactionLogPosition=LogPosition{logVersion=0, byteOffset=19725}, storeId=StoreId{creationTime=1775398796911, random=5460624582812078054, storageEngineName='record', formatName='aligned', majorVersion=1, minorVersion=1}, checkpointEntryPosition=LogPosition{logVersion=0, byteOffset=592}, channelPositionAfterCheckpoint=LogPosition{logVersion=0, byteOffset=824}, checkpointFilePostReadPosition=LogPosition{logVersion=0, byteOffset=824}, kernelVersion=KernelVersion{V5_15,version=14}, kernelVersionByte=14, transactionId=TransactionId[transactionId=37, checksum=-1746892390, commitTimestamp=1775398806607, consensusIndex=-1], reason=Checkpoint triggered by "Database shutdown" @ txId: 37, consensusIndexInCheckpoint=true]
                                                                [system/00000000] 
                                                                [system/00000000] --------------------------------------------------------------------------------
                                                                [system/00000000]                                   [ Id usage ]                                  
                                                                [system/00000000] --------------------------------------------------------------------------------
                                                                [system/00000000] ArrayPropertyStore[neostore.nodestore.db.labels]: used=1 high=0
                                                                [system/00000000] NodeStore[neostore.nodestore.db]: used=6 high=5
                                                                [system/00000000] StringPropertyStore[neostore.propertystore.db.index.keys]: used=44 high=43
                                                                [system/00000000] PropertyIndexStore[neostore.propertystore.db.index]: used=31 high=30
                                                                [system/00000000] StringPropertyStore[neostore.propertystore.db.strings]: used=3 high=2
                                                                [system/00000000] ArrayPropertyStore[neostore.propertystore.db.arrays]: used=1 high=0
                                                                [system/00000000] PropertyStore[neostore.propertystore.db]: used=59 high=58
                                                                [system/00000000] RelationshipStore[neostore.relationshipstore.db]: used=2 high=1
                                                                [system/00000000] StringPropertyStore[neostore.relationshiptypestore.db.names]: used=2 high=1
                                                                [system/00000000] RelationshipTypeStore[neostore.relationshiptypestore.db]: used=1 high=0
                                                                [system/00000000] StringPropertyStore[neostore.labeltokenstore.db.names]: used=5 high=4
                                                                [system/00000000] LabelTokenStore[neostore.labeltokenstore.db]: used=4 high=3
                                                                [system/00000000] SchemaStore[neostore.schemastore.db]: used=11 high=10
                                                                [system/00000000] RelationshipGroupStore[neostore.relationshipgroupstore.db]: used=1 high=0
                                                                [system/00000000] NeoStore[neostore]: used=-1 high=-1
                                                                [system/00000000] 
                                                                [system/00000000] --------------------------------------------------------------------------------
                                                                [system/00000000]                                   [ Metadata ]                                  
                                                                [system/00000000] --------------------------------------------------------------------------------
                                                                [system/00000000] EXTERNAL_STORE_UUID (Database identifier exposed as external store identity. Generated on creation and never updated): 03fe9c38-f0d0-46e5-9828-35968125af37
                                                                [system/00000000] DATABASE_ID (The last used DatabaseId for this database): null
                                                                [system/00000000] LEGACY_STORE_VERSION (Legacy store format version. This field is used from 5.0 onwards only to distinguish non-migrated pre 5.0 metadata stores.): -3523014627327384477
                                                                [system/00000000] STORE_ID (Store ID): StoreId{creationTime=1775398796911, random=5460624582812078054, storageEngineName='record', formatName='aligned', majorVersion=1, minorVersion=1}
                                                                [system/00000000] 
2026-04-05 15:24:24.959+0000 INFO  [o.n.k.i.a.i.IndexingService] [system/00000000] IndexingService.init: indexes not specifically mentioned above are ONLINE. Total 6 indexes. Processed in 116ms
2026-04-05 15:24:24.972+0000 INFO  [o.n.k.a.DatabaseAvailabilityGuard] [system/00000000] Requirement `Database unavailable` makes database system unavailable.
2026-04-05 15:24:24.973+0000 INFO  [o.n.k.a.DatabaseAvailabilityGuard] [system/00000000] DatabaseId{00000000[system]} is unavailable.
2026-04-05 15:24:25.040+0000 INFO  [o.n.k.d.Database] [system/00000000] Starting transaction log [/data/transactions/system/neostore.transaction.db.0] at version=0
2026-04-05 15:24:25.046+0000 INFO  [o.n.k.d.Database] [system/00000000] Starting transaction log [/data/transactions/system/checkpoint.0] at version=0
2026-04-05 15:24:25.051+0000 INFO  [o.n.k.i.t.l.f.c.CheckpointLogFile] [system/00000000] Scanning log file with version 0 for checkpoint entries
2026-04-05 15:24:25.061+0000 INFO  [o.n.k.i.a.i.IndexingService] [system/00000000] IndexingService.start: indexes not specifically mentioned above are ONLINE. Total 6 indexes. Processed in 0ms
2026-04-05 15:24:25.066+0000 INFO  [o.n.k.a.DatabaseAvailabilityGuard] [system/00000000] Fulfilling of requirement 'Database unavailable' makes database system available.
2026-04-05 15:24:25.067+0000 INFO  [o.n.k.a.DatabaseAvailabilityGuard] [system/00000000] DatabaseId{00000000[system]} is ready.
2026-04-05 15:24:25.180+0000 INFO  [o.n.s.s.s.UserSecurityGraphComponent] Performing postInitialization step for component 'security-users' with version 4 and status CURRENT
2026-04-05 15:24:25.180+0000 INFO  [o.n.s.s.s.UserSecurityGraphComponent] Updating the initial password in component 'security-users'
2026-04-05 15:24:25.206+0000 INFO  [o.n.d.d.DatabaseLifecycles] Creating 'DatabaseId{67608b86[neo4j]}'.
2026-04-05 15:24:25.212+0000 INFO  [o.n.d.d.DatabaseLifecycles] Starting 'DatabaseId{67608b86[neo4j]}'.
2026-04-05 15:24:25.270+0000 INFO  [o.n.k.i.t.l.f.c.CheckpointLogFile] [neo4j/67608b86] Scanning log file with version 0 for checkpoint entries
2026-04-05 15:24:25.330+0000 INFO  [o.n.k.i.s.f.RecordFormatSelector] [neo4j/67608b86] Selected RecordFormat:PageAlignedV5_0[aligned-1.1] record format from store /data/databases/neo4j
2026-04-05 15:24:25.331+0000 INFO  [o.n.k.i.s.f.RecordFormatSelector] [neo4j/67608b86] Selected format from the store files: RecordFormat:PageAlignedV5_0[aligned-1.1]
2026-04-05 15:24:25.556+0000 INFO  [o.n.i.d.DiagnosticsManager] [neo4j/67608b86] 
                                                                [neo4j/67608b86] ********************************************************************************
                                                                [neo4j/67608b86]                               [ Database: neo4j ]                               
                                                                [neo4j/67608b86] ********************************************************************************
                                                                [neo4j/67608b86] --------------------------------------------------------------------------------
                                                                [neo4j/67608b86]                                   [ Version ]                                   
                                                                [neo4j/67608b86] --------------------------------------------------------------------------------
                                                                [neo4j/67608b86] DBMS: community record-aligned-1.1
                                                                [neo4j/67608b86] Kernel version: 5.16.0
                                                                [neo4j/67608b86] 
                                                                [neo4j/67608b86] --------------------------------------------------------------------------------
                                                                [neo4j/67608b86]                                 [ Store files ]                                 
                                                                [neo4j/67608b86] --------------------------------------------------------------------------------
                                                                [neo4j/67608b86] Disk space on partition (Total / Free / Free %): 511417970688 / 38190215168 / 7
                                                                [neo4j/67608b86] Storage files stored on file store: 9p
                                                                [neo4j/67608b86] Storage files: (filename : modification date - size)
                                                                [neo4j/67608b86]   database_lock: 2026-04-05 14:20:06.804+0000 - 0B
                                                                [neo4j/67608b86]   neostore: 2026-04-05 14:20:06.739+0000 - 8.000KiB
                                                                [neo4j/67608b86]   neostore.counts.db: 2026-04-05 15:24:25.427+0000 - 48.00KiB
                                                                [neo4j/67608b86]   neostore.indexstats.db: 2026-04-05 15:24:25.438+0000 - 48.00KiB
                                                                [neo4j/67608b86]   neostore.labeltokenstore.db: 2026-04-05 15:04:15.304+0000 - 8.000KiB
                                                                [neo4j/67608b86]   neostore.labeltokenstore.db.id: 2026-04-05 15:24:25.407+0000 - 40.00KiB
                                                                [neo4j/67608b86]   neostore.labeltokenstore.db.names: 2026-04-05 15:04:15.298+0000 - 8.000KiB
                                                                [neo4j/67608b86]   neostore.labeltokenstore.db.names.id: 2026-04-05 15:24:25.401+0000 - 40.00KiB
                                                                [neo4j/67608b86]   neostore.nodestore.db: 2026-04-05 15:19:15.377+0000 - 8.000KiB
                                                                [neo4j/67608b86]   neostore.nodestore.db.id: 2026-04-05 15:24:25.344+0000 - 40.00KiB
                                                                [neo4j/67608b86]   neostore.nodestore.db.labels: 2026-04-05 14:20:06.653+0000 - 8.000KiB
                                                                [neo4j/67608b86]   neostore.nodestore.db.labels.id: 2026-04-05 15:24:25.338+0000 - 40.00KiB
                                                                [neo4j/67608b86]   neostore.propertystore.db: 2026-04-05 15:19:15.378+0000 - 8.000KiB
                                                                [neo4j/67608b86]   neostore.propertystore.db.arrays: 2026-04-05 15:19:15.381+0000 - 8.000KiB
                                                                [neo4j/67608b86]   neostore.propertystore.db.arrays.id: 2026-04-05 15:24:25.370+0000 - 40.00KiB
                                                                [neo4j/67608b86]   neostore.propertystore.db.id: 2026-04-05 15:24:25.376+0000 - 40.00KiB
                                                                [neo4j/67608b86]   neostore.propertystore.db.index: 2026-04-05 15:04:15.305+0000 - 8.000KiB
                                                                [neo4j/67608b86]   neostore.propertystore.db.index.id: 2026-04-05 15:24:25.357+0000 - 48.00KiB
                                                                [neo4j/67608b86]   neostore.propertystore.db.index.keys: 2026-04-05 15:04:15.307+0000 - 8.000KiB
                                                                [neo4j/67608b86]   neostore.propertystore.db.index.keys.id: 2026-04-05 15:24:25.350+0000 - 40.00KiB
                                                                [neo4j/67608b86]   neostore.propertystore.db.strings: 2026-04-05 15:19:15.376+0000 - 32.00KiB
                                                                [neo4j/67608b86]   neostore.propertystore.db.strings.id: 2026-04-05 15:24:25.364+0000 - 40.00KiB
                                                                [neo4j/67608b86]   neostore.relationshipgroupstore.db: 2026-04-05 14:20:06.733+0000 - 8.000KiB
                                                                [neo4j/67608b86]   neostore.relationshipgroupstore.db.id: 2026-04-05 15:24:25.420+0000 - 40.00KiB
                                                                [neo4j/67608b86]   neostore.relationshipgroupstore.degrees.db: 2026-04-05 15:24:25.431+0000 - 40.00KiB
                                                                [neo4j/67608b86]   neostore.relationshipstore.db: 2026-04-05 15:19:15.379+0000 - 8.000KiB
                                                                [neo4j/67608b86]   neostore.relationshipstore.db.id: 2026-04-05 15:24:25.382+0000 - 40.00KiB
                                                                [neo4j/67608b86]   neostore.relationshiptypestore.db: 2026-04-05 15:04:15.294+0000 - 8.000KiB
                                                                [neo4j/67608b86]   neostore.relationshiptypestore.db.id: 2026-04-05 15:24:25.395+0000 - 40.00KiB
                                                                [neo4j/67608b86]   neostore.relationshiptypestore.db.names: 2026-04-05 15:04:15.292+0000 - 8.000KiB
                                                                [neo4j/67608b86]   neostore.relationshiptypestore.db.names.id: 2026-04-05 15:24:25.389+0000 - 40.00KiB
                                                                [neo4j/67608b86]   neostore.schemastore.db: 2026-04-05 14:20:15.296+0000 - 8.000KiB
                                                                [neo4j/67608b86]   neostore.schemastore.db.id: 2026-04-05 15:24:25.413+0000 - 40.00KiB
                                                                [neo4j/67608b86]   schema:
                                                                [neo4j/67608b86]     index:
                                                                [neo4j/67608b86]       token-lookup-1.0:
                                                                [neo4j/67608b86]         1:
                                                                [neo4j/67608b86]           index-1: 2026-04-05 15:23:33.369+0000 - 48.00KiB
                                                                [neo4j/67608b86]         - Total: 2026-04-05 14:20:15.225+0000 - 48.00KiB
                                                                [neo4j/67608b86]         2:
                                                                [neo4j/67608b86]           index-2: 2026-04-05 15:23:33.373+0000 - 48.00KiB
                                                                [neo4j/67608b86]         - Total: 2026-04-05 14:20:15.198+0000 - 48.00KiB
                                                                [neo4j/67608b86]       - Total: 2026-04-05 14:20:15.223+0000 - 96.00KiB
                                                                [neo4j/67608b86]     - Total: 2026-04-05 14:20:15.190+0000 - 96.00KiB
                                                                [neo4j/67608b86]   - Total: 2026-04-05 14:20:15.189+0000 - 96.00KiB
                                                                [neo4j/67608b86] Storage summary: 
                                                                [neo4j/67608b86]   Total size of store: 944.0KiB
                                                                [neo4j/67608b86]   Total size of mapped files: 240.0KiB
                                                                [neo4j/67608b86] 
                                                                [neo4j/67608b86] --------------------------------------------------------------------------------
                                                                [neo4j/67608b86]                               [ Transaction log ]                               
                                                                [neo4j/67608b86] --------------------------------------------------------------------------------
                                                                [neo4j/67608b86] Transaction log files stored on file store: 9p
                                                                [neo4j/67608b86] Transaction log metadata:
                                                                [neo4j/67608b86]  - current kernel version used in transactions: V5_15
                                                                [neo4j/67608b86]  - last committed transaction id: 146
                                                                [neo4j/67608b86] Transaction log files:
                                                                [neo4j/67608b86]  - existing transaction log versions: 0-0
                                                                [neo4j/67608b86]  - oldest transaction 2 found in log with version 0
                                                                [neo4j/67608b86]  - files: (filename : creation date - size)
                                                                [neo4j/67608b86]      neostore.transaction.db.0: 2026-04-05 15:18:58.829+0000 - 256.0MiB
                                                                [neo4j/67608b86]  - total size of files: 256.0MiB
                                                                [neo4j/67608b86] Checkpoint log files:
                                                                [neo4j/67608b86]  - existing checkpoint log versions: 0-0
                                                                [neo4j/67608b86]  - last checkpoint: CheckpointInfo[transactionLogPosition=LogPosition{logVersion=0, byteOffset=70192}, storeId=StoreId{creationTime=1775398806739, random=255660228251454085, storageEngineName='record', formatName='aligned', majorVersion=1, minorVersion=1}, checkpointEntryPosition=LogPosition{logVersion=0, byteOffset=824}, channelPositionAfterCheckpoint=LogPosition{logVersion=0, byteOffset=1056}, checkpointFilePostReadPosition=LogPosition{logVersion=0, byteOffset=1056}, kernelVersion=KernelVersion{V5_15,version=14}, kernelVersionByte=14, transactionId=TransactionId[transactionId=146, checksum=-1151326402, commitTimestamp=1775402338829, consensusIndex=-1], reason=Checkpoint triggered by "Database shutdown" @ txId: 146, consensusIndexInCheckpoint=true]
                                                                [neo4j/67608b86] 
                                                                [neo4j/67608b86] --------------------------------------------------------------------------------
                                                                [neo4j/67608b86]                                   [ Id usage ]                                  
                                                                [neo4j/67608b86] --------------------------------------------------------------------------------
                                                                [neo4j/67608b86] ArrayPropertyStore[neostore.nodestore.db.labels]: used=1 high=0
                                                                [neo4j/67608b86] NodeStore[neostore.nodestore.db]: used=71 high=70
                                                                [neo4j/67608b86] StringPropertyStore[neostore.propertystore.db.index.keys]: used=32 high=31
                                                                [neo4j/67608b86] PropertyIndexStore[neostore.propertystore.db.index]: used=22 high=21
                                                                [neo4j/67608b86] StringPropertyStore[neostore.propertystore.db.strings]: used=196 high=195
                                                                [neo4j/67608b86] ArrayPropertyStore[neostore.propertystore.db.arrays]: used=7 high=6
                                                                [neo4j/67608b86] PropertyStore[neostore.propertystore.db]: used=124 high=123
                                                                [neo4j/67608b86] RelationshipStore[neostore.relationshipstore.db]: used=50 high=49
                                                                [neo4j/67608b86] StringPropertyStore[neostore.relationshiptypestore.db.names]: used=6 high=5
                                                                [neo4j/67608b86] RelationshipTypeStore[neostore.relationshiptypestore.db]: used=5 high=4
                                                                [neo4j/67608b86] StringPropertyStore[neostore.labeltokenstore.db.names]: used=7 high=6
                                                                [neo4j/67608b86] LabelTokenStore[neostore.labeltokenstore.db]: used=6 high=5
                                                                [neo4j/67608b86] SchemaStore[neostore.schemastore.db]: used=3 high=2
                                                                [neo4j/67608b86] RelationshipGroupStore[neostore.relationshipgroupstore.db]: used=1 high=0
                                                                [neo4j/67608b86] NeoStore[neostore]: used=-1 high=-1
                                                                [neo4j/67608b86] 
                                                                [neo4j/67608b86] --------------------------------------------------------------------------------
                                                                [neo4j/67608b86]                                   [ Metadata ]                                  
                                                                [neo4j/67608b86] --------------------------------------------------------------------------------
                                                                [neo4j/67608b86] EXTERNAL_STORE_UUID (Database identifier exposed as external store identity. Generated on creation and never updated): 1afc29f4-a52e-4c24-b626-9176f09b96c4
                                                                [neo4j/67608b86] DATABASE_ID (The last used DatabaseId for this database): null
                                                                [neo4j/67608b86] LEGACY_STORE_VERSION (Legacy store format version. This field is used from 5.0 onwards only to distinguish non-migrated pre 5.0 metadata stores.): -3523014627327384477
                                                                [neo4j/67608b86] STORE_ID (Store ID): StoreId{creationTime=1775398806739, random=255660228251454085, storageEngineName='record', formatName='aligned', majorVersion=1, minorVersion=1}
                                                                [neo4j/67608b86] 
2026-04-05 15:24:25.599+0000 INFO  [o.n.k.i.a.i.IndexingService] [neo4j/67608b86] IndexingService.init: indexes not specifically mentioned above are ONLINE. Total 2 indexes. Processed in 39ms
2026-04-05 15:24:25.608+0000 INFO  [o.n.k.a.DatabaseAvailabilityGuard] [neo4j/67608b86] Requirement `Database unavailable` makes database neo4j unavailable.
2026-04-05 15:24:25.609+0000 INFO  [o.n.k.a.DatabaseAvailabilityGuard] [neo4j/67608b86] DatabaseId{67608b86[neo4j]} is unavailable.
2026-04-05 15:24:25.619+0000 INFO  [o.n.k.d.Database] [neo4j/67608b86] Starting transaction log [/data/transactions/neo4j/neostore.transaction.db.0] at version=0
2026-04-05 15:24:25.623+0000 INFO  [o.n.k.d.Database] [neo4j/67608b86] Starting transaction log [/data/transactions/neo4j/checkpoint.0] at version=0
2026-04-05 15:24:25.628+0000 INFO  [o.n.k.i.t.l.f.c.CheckpointLogFile] [neo4j/67608b86] Scanning log file with version 0 for checkpoint entries
2026-04-05 15:24:25.636+0000 INFO  [o.n.k.i.a.i.IndexingService] [neo4j/67608b86] IndexingService.start: indexes not specifically mentioned above are ONLINE. Total 2 indexes. Processed in 0ms
2026-04-05 15:24:25.637+0000 INFO  [o.n.k.a.DatabaseAvailabilityGuard] [neo4j/67608b86] Fulfilling of requirement 'Database unavailable' makes database neo4j available.
2026-04-05 15:24:25.637+0000 INFO  [o.n.k.a.DatabaseAvailabilityGuard] [neo4j/67608b86] DatabaseId{67608b86[neo4j]} is ready.
2026-04-05 15:24:25.677+0000 INFO  [o.n.b.p.c.c.n.SocketNettyConnector] Bolt enabled on 0.0.0.0:7687.
2026-04-05 15:24:25.678+0000 INFO  [o.n.b.BoltServer] Bolt server started
2026-04-05 15:24:25.678+0000 INFO  [o.n.s.A.ServerComponentsLifecycleAdapter] Starting web server
2026-04-05 15:24:26.339+0000 INFO  [o.n.s.CommunityNeoWebServer] HTTP enabled on 0.0.0.0:7474.
2026-04-05 15:24:26.340+0000 INFO  [o.n.s.CommunityNeoWebServer] Remote interface available at http://localhost:7474/
2026-04-05 15:24:26.340+0000 INFO  [o.n.s.A.ServerComponentsLifecycleAdapter] Web server started.
2026-04-05 15:24:26.343+0000 INFO  [o.n.g.f.DatabaseManagementServiceFactory] id: 38A63FA4251834BF6FF799813D09ED21AB43477BCDE9AF2682672C18CEA81B43
2026-04-05 15:24:26.344+0000 INFO  [o.n.g.f.DatabaseManagementServiceFactory] name: system
2026-04-05 15:24:26.344+0000 INFO  [o.n.g.f.DatabaseManagementServiceFactory] creationDate: 2026-04-05T14:19:56.911Z
2026-04-05 15:43:45.664+0000 INFO  [o.n.k.i.t.l.c.CheckPointerImpl] [neo4j/67608b86] Checkpoint triggered by "Scheduled checkpoint for every 15 minutes threshold" @ txId: 172 checkpoint started...
2026-04-05 15:43:45.724+0000 INFO  [o.n.k.i.t.l.c.CheckPointerImpl] [neo4j/67608b86] Checkpoint triggered by "Scheduled checkpoint for every 15 minutes threshold" @ txId: 172 checkpoint completed in 58ms. Checkpoint flushed 45 pages (0% of total available pages), in 41 IOs. Checkpoint performed with IO limit: unlimited, paused in total 0 times( 0 millis).
2026-04-05 15:43:45.730+0000 INFO  [o.n.k.i.t.l.p.LogPruningImpl] [neo4j/67608b86] No log version pruned. The strategy used was '2 days 2147483648 size'. 
2026-04-06 05:05:06.789+0000 INFO  [o.n.k.i.t.l.c.CheckPointerImpl] [neo4j/67608b86] Checkpoint triggered by "Scheduled checkpoint for every 15 minutes threshold" @ txId: 178 checkpoint started...
2026-04-06 05:05:06.868+0000 INFO  [o.n.k.i.t.l.c.CheckPointerImpl] [neo4j/67608b86] Checkpoint triggered by "Scheduled checkpoint for every 15 minutes threshold" @ txId: 178 checkpoint completed in 69ms. Checkpoint flushed 56 pages (0% of total available pages), in 52 IOs. Checkpoint performed with IO limit: unlimited, paused in total 0 times( 0 millis).
2026-04-06 05:05:06.868+0000 INFO  [o.n.k.i.t.l.p.LogPruningImpl] [neo4j/67608b86] No log version pruned. The strategy used was '2 days 2147483648 size'. 
2026-04-06 05:05:22.706+0000 INFO  [o.n.c.i.c.CypherQueryCaches] [neo4j/67608b86] Discarded stale query from the query cache after 49087 seconds. Reason: NodesWithLabelCardinality(Some(LabelId(2))) changed from 19.0 to 26.0, which is a divergence of 0.2692307692307692 which is greater than threshold 0.0548891348136478. Query id: 10856.
2026-04-06 05:05:22.763+0000 INFO  [o.n.c.i.c.CypherQueryCaches] [neo4j/67608b86] Discarded stale query from the query cache after 49087 seconds. Reason: NodesWithLabelCardinality(Some(LabelId(3))) changed from 23.0 to 31.0, which is a divergence of 0.25806451612903225 which is greater than threshold 0.05488913792334409. Query id: 10862.
2026-04-06 05:05:24.976+0000 INFO  [o.n.c.i.c.CypherQueryCaches] [neo4j/67608b86] Discarded stale query from the query cache after 49235 seconds. Reason: NodesAllCardinality changed from 71.0 to 109.0, which is a divergence of 0.3486238532110092 which is greater than threshold 0.054735824990174924. Query id: 10895.
2026-04-06 05:05:25.018+0000 INFO  [o.n.c.i.c.CypherQueryCaches] [neo4j/67608b86] Discarded stale query from the query cache after 49235 seconds. Reason: NodesAllCardinality changed from 71.0 to 109.0, which is a divergence of 0.3486238532110092 which is greater than threshold 0.05473585385211513. Query id: 10897.
2026-04-06 05:05:28.536+0000 INFO  [o.n.c.i.c.CypherQueryCaches] [neo4j/67608b86] Discarded stale query from the query cache after 49093 seconds. Reason: NodesWithLabelCardinality(Some(LabelId(2))) changed from 18.0 to 32.0, which is a divergence of 0.4375 which is greater than threshold 0.05488302390463114. Query id: 10898.
2026-04-06 05:05:50.793+0000 INFO  [o.n.c.i.c.CypherQueryCaches] [neo4j/67608b86] Discarded stale query from the query cache after 48968 seconds. Reason: NodesAllCardinality changed from 90.0 to 117.0, which is a divergence of 0.23076923076923078 which is greater than threshold 0.055012869087595624. Query id: 10913.
2026-04-06 05:05:50.840+0000 INFO  [o.n.c.i.c.CypherQueryCaches] [neo4j/67608b86] Discarded stale query from the query cache after 49278 seconds. Reason: CardinalityByLabelsAndRelationshipType(None,None,None) changed from 50.0 to 84.0, which is a divergence of 0.40476190476190477 which is greater than threshold 0.05469201778402907. Query id: 10914.
2026-04-06 05:08:14.528+0000 INFO  [o.n.c.i.c.CypherQueryCaches] [neo4j/67608b86] Discarded stale query from the query cache after 171 seconds. Reason: CardinalityByLabelsAndRelationshipType(None,Some(RelTypeId(6)),None) changed from 3.0 to 18.0, which is a divergence of 0.8333333333333334 which is greater than threshold 0.719976165044718. Query id: 10967.
2026-04-06 05:08:14.576+0000 INFO  [o.n.c.i.c.CypherQueryCaches] [neo4j/67608b86] Discarded stale query from the query cache after 171 seconds. Reason: CardinalityByLabelsAndRelationshipType(None,Some(RelTypeId(6)),None) changed from 3.0 to 19.0, which is a divergence of 0.8421052631578947 which is greater than threshold 0.719977413459658. Query id: 10968.
2026-04-06 05:08:14.627+0000 INFO  [o.n.c.i.c.CypherQueryCaches] [neo4j/67608b86] Discarded stale query from the query cache after 171 seconds. Reason: CardinalityByLabelsAndRelationshipType(None,Some(RelTypeId(6)),None) changed from 5.0 to 22.0, which is a divergence of 0.7727272727272727 which is greater than threshold 0.7199786618789277. Query id: 10971.
2026-04-06 05:12:30.252+0000 INFO  [o.n.c.i.c.CypherQueryCaches] [neo4j/67608b86] Discarded stale query from the query cache after 427 seconds. Reason: CardinalityByLabelsAndRelationshipType(None,Some(RelTypeId(6)),None) changed from 11.0 to 45.0, which is a divergence of 0.7555555555555555 which is greater than threshold 0.677116791007244. Query id: 11110.
2026-04-06 05:20:06.891+0000 INFO  [o.n.k.i.t.l.c.CheckPointerImpl] [neo4j/67608b86] Checkpoint triggered by "Scheduled checkpoint for every 15 minutes threshold" @ txId: 360 checkpoint started...
2026-04-06 05:20:06.954+0000 INFO  [o.n.k.i.t.l.c.CheckPointerImpl] [neo4j/67608b86] Checkpoint triggered by "Scheduled checkpoint for every 15 minutes threshold" @ txId: 360 checkpoint completed in 62ms. Checkpoint flushed 58 pages (0% of total available pages), in 53 IOs. Checkpoint performed with IO limit: unlimited, paused in total 0 times( 0 millis).
2026-04-06 05:20:06.955+0000 INFO  [o.n.k.i.t.l.p.LogPruningImpl] [neo4j/67608b86] No log version pruned. The strategy used was '2 days 2147483648 size'. 
2026-04-06 05:32:15.212+0000 INFO  [o.n.c.i.c.CypherQueryCaches] [neo4j/67608b86] Discarded stale query from the query cache after 50700 seconds. Reason: NodesAllCardinality changed from 72.0 to 192.0, which is a divergence of 0.625 which is greater than threshold 0.05326693784690621. Query id: 11419.
2026-04-06 05:32:15.344+0000 INFO  [o.n.c.i.c.CypherQueryCaches] [neo4j/67608b86] Discarded stale query from the query cache after 1612 seconds. Reason: NodesAllCardinality changed from 92.0 to 198.0, which is a divergence of 0.5353535353535354 which is greater than threshold 0.5305705452480488. Query id: 11425.
2026-04-06 05:32:15.394+0000 INFO  [o.n.c.i.c.CypherQueryCaches] [neo4j/67608b86] Discarded stale query from the query cache after 1612 seconds. Reason: NodesAllCardinality changed from 94.0 to 201.0, which is a divergence of 0.5323383084577115 which is greater than threshold 0.5305727728616345. Query id: 11428.
2026-04-06 05:32:15.439+0000 INFO  [o.n.c.i.c.CypherQueryCaches] [neo4j/67608b86] Discarded stale query from the query cache after 1612 seconds. Reason: NodesAllCardinality changed from 93.0 to 202.0, which is a divergence of 0.5396039603960396 which is greater than threshold 0.5305651215714466. Query id: 11429.
2026-04-06 05:32:15.490+0000 INFO  [o.n.c.i.c.CypherQueryCaches] [neo4j/67608b86] Discarded stale query from the query cache after 1612 seconds. Reason: NodesWithLabelCardinality(Some(LabelId(2))) changed from 26.0 to 73.0, which is a divergence of 0.6438356164383562 which is greater than threshold 0.5305696735782593. Query id: 11431.
2026-04-06 05:32:15.747+0000 INFO  [o.n.c.i.c.CypherQueryCaches] [neo4j/67608b86] Discarded stale query from the query cache after 1607 seconds. Reason: NodesWithLabelCardinality(Some(LabelId(2))) changed from 32.0 to 88.0, which is a divergence of 0.6363636363636364 which is greater than threshold 0.531111435401992. Query id: 11459.
2026-04-06 05:32:16.167+0000 INFO  [o.n.c.i.c.CypherQueryCaches] [neo4j/67608b86] Discarded stale query from the query cache after 1613 seconds. Reason: NodesAllCardinality changed from 109.0 to 255.0, which is a divergence of 0.5725490196078431 which is greater than threshold 0.5305172817987756. Query id: 11488.
2026-04-06 05:32:16.289+0000 INFO  [o.n.c.i.c.CypherQueryCaches] [neo4j/67608b86] Discarded stale query from the query cache after 1441 seconds. Reason: CardinalityByLabelsAndRelationshipType(None,Some(RelTypeId(6)),None) changed from 19.0 to 60.0, which is a divergence of 0.6833333333333333 which is greater than threshold 0.5476735671893427. Query id: 11491.
2026-04-06 05:32:16.378+0000 INFO  [o.n.c.i.c.CypherQueryCaches] [neo4j/67608b86] Discarded stale query from the query cache after 1441 seconds. Reason: CardinalityByLabelsAndRelationshipType(None,Some(RelTypeId(6)),None) changed from 18.0 to 61.0, which is a divergence of 0.7049180327868853 which is greater than threshold 0.5476600487031175. Query id: 11492.
2026-04-06 05:32:16.469+0000 INFO  [o.n.c.i.c.CypherQueryCaches] [neo4j/67608b86] Discarded stale query from the query cache after 1441 seconds. Reason: CardinalityByLabelsAndRelationshipType(Some(LabelId(2)),Some(RelTypeId(6)),Some(LabelId(6))) changed from 6.0 to 18.0, which is a divergence of 0.6666666666666666 which is greater than threshold 0.5476601518951412. Query id: 11494.
2026-04-06 05:32:16.755+0000 INFO  [o.n.c.i.c.CypherQueryCaches] [neo4j/67608b86] Discarded stale query from the query cache after 1613 seconds. Reason: CardinalityByLabelsAndRelationshipType(Some(LabelId(4)),Some(RelTypeId(7)),Some(LabelId(5))) changed from 3.0 to 12.0, which is a divergence of 0.75 which is greater than threshold 0.5304969476664375. Query id: 11509.
2026-04-06 05:32:16.796+0000 INFO  [o.n.c.i.c.CypherQueryCaches] [neo4j/67608b86] Discarded stale query from the query cache after 1613 seconds. Reason: NodesAllCardinality changed from 109.0 to 255.0, which is a divergence of 0.5725490196078431 which is greater than threshold 0.5304877494043543. Query id: 11510.
2026-04-06 05:32:16.850+0000 INFO  [o.n.c.i.c.CypherQueryCaches] [neo4j/67608b86] Discarded stale query from the query cache after 1613 seconds. Reason: NodesWithLabelCardinality(Some(LabelId(2))) changed from 32.0 to 94.0, which is a divergence of 0.6595744680851063 which is greater than threshold 0.5304932683233267. Query id: 11512.
2026-04-06 05:32:17.571+0000 INFO  [o.n.c.i.c.CypherQueryCaches] [neo4j/67608b86] Discarded stale query from the query cache after 1608 seconds. Reason: CardinalityByLabelsAndRelationshipType(None,Some(RelTypeId(8)),None) changed from 6.0 to 24.0, which is a divergence of 0.75 which is greater than threshold 0.5309497024327979. Query id: 11583.
2026-04-06 05:32:18.043+0000 INFO  [o.n.c.i.c.CypherQueryCaches] [neo4j/67608b86] Discarded stale query from the query cache after 50703 seconds. Reason: NodesAllCardinality changed from 71.0 to 255.0, which is a divergence of 0.7215686274509804 which is greater than threshold 0.05326400452349756. Query id: 11616.
2026-04-06 05:32:23.419+0000 INFO  [o.n.c.i.c.CypherQueryCaches] [neo4j/67608b86] Discarded stale query from the query cache after 1618 seconds. Reason: NodesAllCardinality changed from 109.0 to 283.0, which is a divergence of 0.6148409893992933 which is greater than threshold 0.5300218635246093. Query id: 11729.
2026-04-06 05:32:23.472+0000 INFO  [o.n.c.i.c.CypherQueryCaches] [neo4j/67608b86] Discarded stale query from the query cache after 1618 seconds. Reason: NodesAllCardinality changed from 109.0 to 283.0, which is a divergence of 0.6148409893992933 which is greater than threshold 0.530019640534606. Query id: 11731.
2026-04-06 05:32:50.826+0000 INFO  [o.n.c.i.c.CypherQueryCaches] [neo4j/67608b86] Discarded stale query from the query cache after 1619 seconds. Reason: NodesAllCardinality changed from 117.0 to 283.0, which is a divergence of 0.5865724381625441 which is greater than threshold 0.5298768283537743. Query id: 11732.
2026-04-06 05:32:50.868+0000 INFO  [o.n.c.i.c.CypherQueryCaches] [neo4j/67608b86] Discarded stale query from the query cache after 1619 seconds. Reason: CardinalityByLabelsAndRelationshipType(None,None,None) changed from 84.0 to 353.0, which is a divergence of 0.7620396600566572 which is greater than threshold 0.5298726746183234. Query id: 11738.
2026-04-06 05:35:06.970+0000 INFO  [o.n.k.i.t.l.c.CheckPointerImpl] [neo4j/67608b86] Checkpoint triggered by "Scheduled checkpoint for every 15 minutes threshold" @ txId: 684 checkpoint started...
2026-04-06 05:35:07.037+0000 INFO  [o.n.k.i.t.l.c.CheckPointerImpl] [neo4j/67608b86] Checkpoint triggered by "Scheduled checkpoint for every 15 minutes threshold" @ txId: 684 checkpoint completed in 67ms. Checkpoint flushed 68 pages (0% of total available pages), in 57 IOs. Checkpoint performed with IO limit: unlimited, paused in total 0 times( 0 millis).
2026-04-06 05:35:07.038+0000 INFO  [o.n.k.i.t.l.p.LogPruningImpl] [neo4j/67608b86] No log version pruned. The strategy used was '2 days 2147483648 size'. 
2026-04-06 15:31:50.912+0000 INFO  [o.n.c.i.c.CypherQueryCaches] [neo4j/67608b86] Discarded stale query from the query cache after 37609 seconds. Reason: NodesAllCardinality changed from 90.0 to 283.0, which is a divergence of 0.6819787985865724 which is greater than threshold 0.0700800437437463. Query id: 19334.
2026-04-06 15:31:51.493+0000 INFO  [o.n.c.i.c.CypherQueryCaches] [neo4j/67608b86] Discarded stale query from the query cache after 37609 seconds. Reason: NodesAllCardinality changed from 92.0 to 288.0, which is a divergence of 0.6805555555555556 which is greater than threshold 0.07007969735452564. Query id: 19346.
2026-04-06 15:31:57.780+0000 INFO  [o.n.k.i.t.l.c.CheckPointerImpl] [neo4j/67608b86] Checkpoint triggered by "Scheduled checkpoint for every 15 minutes threshold" @ txId: 693 checkpoint started...
2026-04-06 15:31:57.899+0000 INFO  [o.n.k.i.t.l.c.CheckPointerImpl] [neo4j/67608b86] Checkpoint triggered by "Scheduled checkpoint for every 15 minutes threshold" @ txId: 693 checkpoint completed in 116ms. Checkpoint flushed 45 pages (0% of total available pages), in 41 IOs. Checkpoint performed with IO limit: unlimited, paused in total 0 times( 0 millis).
2026-04-06 15:31:57.900+0000 INFO  [o.n.k.i.t.l.p.LogPruningImpl] [neo4j/67608b86] No log version pruned. The strategy used was '2 days 2147483648 size'. 
2026-04-06 15:46:57.930+0000 INFO  [o.n.k.i.t.l.c.CheckPointerImpl] [neo4j/67608b86] Checkpoint triggered by "Scheduled checkpoint for every 15 minutes threshold" @ txId: 696 checkpoint started...
2026-04-06 15:46:58.024+0000 INFO  [o.n.k.i.t.l.c.CheckPointerImpl] [neo4j/67608b86] Checkpoint triggered by "Scheduled checkpoint for every 15 minutes threshold" @ txId: 696 checkpoint completed in 92ms. Checkpoint flushed 39 pages (0% of total available pages), in 35 IOs. Checkpoint performed with IO limit: unlimited, paused in total 0 times( 0 millis).
2026-04-06 15:46:58.024+0000 INFO  [o.n.k.i.t.l.p.LogPruningImpl] [neo4j/67608b86] No log version pruned. The strategy used was '2 days 2147483648 size'. 
2026-04-06 15:56:23.800+0000 INFO  [o.n.c.i.c.CypherQueryCaches] [neo4j/67608b86] Discarded stale query from the query cache after 37448 seconds. Reason: NodesWithLabelCardinality(Some(LabelId(1))) changed from 10.0 to 19.0, which is a divergence of 0.47368421052631576 which is greater than threshold 0.07035249701092655. Query id: 19675.
2026-04-06 15:56:23.878+0000 INFO  [o.n.c.i.c.CypherQueryCaches] [neo4j/67608b86] Discarded stale query from the query cache after 37448 seconds. Reason: NodesAllCardinality changed from 195.0 to 301.0, which is a divergence of 0.3521594684385382 which is greater than threshold 0.07035248679367359. Query id: 19677.
2026-04-06 15:56:23.945+0000 INFO  [o.n.c.i.c.CypherQueryCaches] [neo4j/67608b86] Discarded stale query from the query cache after 37448 seconds. Reason: NodesAllCardinality changed from 198.0 to 304.0, which is a divergence of 0.34868421052631576 which is greater than threshold 0.07035246635917658. Query id: 19680.
2026-04-06 15:56:24.012+0000 INFO  [o.n.c.i.c.CypherQueryCaches] [neo4j/67608b86] Discarded stale query from the query cache after 37448 seconds. Reason: NodesWithLabelCardinality(Some(LabelId(5))) changed from 24.0 to 39.0, which is a divergence of 0.38461538461538464 which is greater than threshold 0.07035244251894505. Query id: 19683.
2026-04-06 15:56:24.080+0000 INFO  [o.n.c.i.c.CypherQueryCaches] [neo4j/67608b86] Discarded stale query from the query cache after 37448 seconds. Reason: NodesWithLabelCardinality(Some(LabelId(5))) changed from 25.0 to 41.0, which is a divergence of 0.3902439024390244 which is greater than threshold 0.07035239994714325. Query id: 19685.
2026-04-06 15:56:24.134+0000 INFO  [o.n.c.i.c.CypherQueryCaches] [neo4j/67608b86] Discarded stale query from the query cache after 37448 seconds. Reason: NodesAllCardinality changed from 204.0 to 310.0, which is a divergence of 0.3419354838709677 which is greater than threshold 0.07035239483853051. Query id: 19686.
2026-04-06 15:56:24.215+0000 INFO  [o.n.c.i.c.CypherQueryCaches] [neo4j/67608b86] Discarded stale query from the query cache after 39061 seconds. Reason: NodesAllCardinality changed from 103.0 to 315.0, which is a divergence of 0.6730158730158731 which is greater than threshold 0.06770915615032908. Query id: 19691.
2026-04-06 15:56:24.284+0000 INFO  [o.n.c.i.c.CypherQueryCaches] [neo4j/67608b86] Discarded stale query from the query cache after 37448 seconds. Reason: NodesWithLabelCardinality(Some(LabelId(0))) changed from 12.0 to 22.0, which is a divergence of 0.45454545454545453 which is greater than threshold 0.07035230288362777. Query id: 19694.
2026-04-06 15:56:24.421+0000 INFO  [o.n.c.i.c.CypherQueryCaches] [neo4j/67608b86] Discarded stale query from the query cache after 37448 seconds. Reason: NodesAllCardinality changed from 232.0 to 331.0, which is a divergence of 0.2990936555891239 which is greater than threshold 0.07035234545531212. Query id: 19707.
2026-04-06 15:56:24.584+0000 INFO  [o.n.c.i.c.CypherQueryCaches] [neo4j/67608b86] Discarded stale query from the query cache after 37448 seconds. Reason: CardinalityByLabelsAndRelationshipType(Some(LabelId(1)),Some(RelTypeId(6)),Some(LabelId(6))) changed from 3.0 to 14.0, which is a divergence of 0.7857142857142857 which is greater than threshold 0.07035245784480633. Query id: 19729.
2026-04-06 15:56:24.703+0000 INFO  [o.n.c.i.c.CypherQueryCaches] [neo4j/67608b86] Discarded stale query from the query cache after 37448 seconds. Reason: CardinalityByLabelsAndRelationshipType(Some(LabelId(7)),Some(RelTypeId(6)),Some(LabelId(6))) changed from 3.0 to 14.0, which is a divergence of 0.7857142857142857 which is greater than threshold 0.07035247317067427. Query id: 19731.
2026-04-06 15:56:24.818+0000 INFO  [o.n.c.i.c.CypherQueryCaches] [neo4j/67608b86] Discarded stale query from the query cache after 37448 seconds. Reason: CardinalityByLabelsAndRelationshipType(Some(LabelId(4)),Some(RelTypeId(6)),Some(LabelId(6))) changed from 3.0 to 12.0, which is a divergence of 0.75 which is greater than threshold 0.07035247998217327. Query id: 19734.
2026-04-06 15:56:24.930+0000 INFO  [o.n.c.i.c.CypherQueryCaches] [neo4j/67608b86] Discarded stale query from the query cache after 37448 seconds. Reason: CardinalityByLabelsAndRelationshipType(None,Some(RelTypeId(6)),None) changed from 60.0 to 167.0, which is a divergence of 0.6407185628742516 which is greater than threshold 0.0703524765764236. Query id: 19737.
2026-04-06 15:56:25.046+0000 INFO  [o.n.c.i.c.CypherQueryCaches] [neo4j/67608b86] Discarded stale query from the query cache after 37448 seconds. Reason: CardinalityByLabelsAndRelationshipType(None,Some(RelTypeId(6)),None) changed from 61.0 to 169.0, which is a divergence of 0.6390532544378699 which is greater than threshold 0.07035242549021815. Query id: 19739.
2026-04-06 15:56:25.149+0000 INFO  [o.n.c.i.c.CypherQueryCaches] [neo4j/67608b86] Discarded stale query from the query cache after 37448 seconds. Reason: CardinalityByLabelsAndRelationshipType(None,Some(RelTypeId(6)),None) changed from 63.0 to 170.0, which is a divergence of 0.6294117647058823 which is greater than threshold 0.07035239824427225. Query id: 19740.
2026-04-06 15:56:25.300+0000 INFO  [o.n.c.i.c.CypherQueryCaches] [neo4j/67608b86] Discarded stale query from the query cache after 38635 seconds. Reason: CardinalityByLabelsAndRelationshipType(None,Some(RelTypeId(6)),None) changed from 45.0 to 175.0, which is a divergence of 0.7428571428571429 which is greater than threshold 0.06838851171608598. Query id: 19745.
2026-04-06 15:56:25.406+0000 INFO  [o.n.c.i.c.CypherQueryCaches] [neo4j/67608b86] Discarded stale query from the query cache after 37448 seconds. Reason: CardinalityByLabelsAndRelationshipType(Some(LabelId(0)),Some(RelTypeId(6)),Some(LabelId(6))) changed from 3.0 to 10.0, which is a divergence of 0.7 which is greater than threshold 0.07035216495172442. Query id: 19748.
2026-04-06 15:56:25.503+0000 INFO  [o.n.c.i.c.CypherQueryCaches] [neo4j/67608b86] Discarded stale query from the query cache after 37448 seconds. Reason: NodesWithLabelCardinality(Some(LabelId(1))) changed from 12.0 to 23.0, which is a divergence of 0.4782608695652174 which is greater than threshold 0.07035269284218186. Query id: 19751.
2026-04-06 15:56:25.714+0000 INFO  [o.n.c.i.c.CypherQueryCaches] [neo4j/67608b86] Discarded stale query from the query cache after 37448 seconds. Reason: NodesWithLabelCardinality(Some(LabelId(1))) changed from 12.0 to 23.0, which is a divergence of 0.4782608695652174 which is greater than threshold 0.07035175797061864. Query id: 19754.
2026-04-06 15:56:25.783+0000 INFO  [o.n.c.i.c.CypherQueryCaches] [neo4j/67608b86] Discarded stale query from the query cache after 37448 seconds. Reason: CardinalityByLabelsAndRelationshipType(Some(LabelId(4)),Some(RelTypeId(7)),Some(LabelId(5))) changed from 12.0 to 25.0, which is a divergence of 0.52 which is greater than threshold 0.07035174605074092. Query id: 19757.
2026-04-06 15:56:25.844+0000 INFO  [o.n.c.i.c.CypherQueryCaches] [neo4j/67608b86] Discarded stale query from the query cache after 37449 seconds. Reason: CardinalityByLabelsAndRelationshipType(Some(LabelId(4)),Some(RelTypeId(7)),Some(LabelId(5))) changed from 12.0 to 27.0, which is a divergence of 0.5555555555555556 which is greater than threshold 0.07035172731951264. Query id: 19759.
2026-04-06 15:56:25.883+0000 INFO  [o.n.c.i.c.CypherQueryCaches] [neo4j/67608b86] Discarded stale query from the query cache after 37448 seconds. Reason: CardinalityByLabelsAndRelationshipType(None,Some(RelTypeId(8)),None) changed from 18.0 to 41.0, which is a divergence of 0.5609756097560976 which is greater than threshold 0.07035174605074092. Query id: 19760.
2026-04-06 15:56:25.929+0000 INFO  [o.n.c.i.c.CypherQueryCaches] [neo4j/67608b86] Discarded stale query from the query cache after 37448 seconds. Reason: NodesWithLabelCardinality(Some(LabelId(1))) changed from 12.0 to 23.0, which is a divergence of 0.4782608695652174 which is greater than threshold 0.07035177499902241. Query id: 19763.
2026-04-06 15:56:25.974+0000 INFO  [o.n.c.i.c.CypherQueryCaches] [neo4j/67608b86] Discarded stale query from the query cache after 37448 seconds. Reason: CardinalityByLabelsAndRelationshipType(None,Some(RelTypeId(12)),None) changed from 4.0 to 35.0, which is a divergence of 0.8857142857142857 which is greater than threshold 0.07035330758911826. Query id: 19766.
2026-04-06 15:56:26.013+0000 INFO  [o.n.c.i.c.CypherQueryCaches] [neo4j/67608b86] Discarded stale query from the query cache after 37448 seconds. Reason: CardinalityByLabelsAndRelationshipType(None,Some(RelTypeId(12)),None) changed from 3.0 to 36.0, which is a divergence of 0.9166666666666666 which is greater than threshold 0.07035203723748132. Query id: 19767.
2026-04-06 15:56:26.140+0000 INFO  [o.n.c.i.c.CypherQueryCaches] [neo4j/67608b86] Discarded stale query from the query cache after 37449 seconds. Reason: NodesWithLabelCardinality(Some(LabelId(4))) changed from 10.0 to 16.0, which is a divergence of 0.375 which is greater than threshold 0.07035171369680744. Query id: 19792.
2026-04-06 15:56:26.212+0000 INFO  [o.n.c.i.c.CypherQueryCaches] [neo4j/67608b86] Discarded stale query from the query cache after 37448 seconds. Reason: NodesWithLabelCardinality(Some(LabelId(6))) changed from 14.0 to 30.0, which is a divergence of 0.5333333333333333 which is greater than threshold 0.07035207129456748. Query id: 19801.
2026-04-06 15:56:26.327+0000 INFO  [o.n.c.i.c.CypherQueryCaches] [neo4j/67608b86] Discarded stale query from the query cache after 37447 seconds. Reason: CardinalityByLabelsAndRelationshipType(Some(LabelId(1)),Some(RelTypeId(8)),Some(LabelId(2))) changed from 3.0 to 5.0, which is a divergence of 0.4 which is greater than threshold 0.07035345574303359. Query id: 19823.
2026-04-06 15:56:26.368+0000 INFO  [o.n.c.i.c.CypherQueryCaches] [neo4j/67608b86] Discarded stale query from the query cache after 37448 seconds. Reason: CardinalityByLabelsAndRelationshipType(Some(LabelId(2)),Some(RelTypeId(8)),Some(LabelId(2))) changed from 3.0 to 12.0, which is a divergence of 0.75 which is greater than threshold 0.07035214962599076. Query id: 19825.
2026-04-06 15:56:26.406+0000 INFO  [o.n.c.i.c.CypherQueryCaches] [neo4j/67608b86] Discarded stale query from the query cache after 37448 seconds. Reason: CardinalityByLabelsAndRelationshipType(Some(LabelId(2)),Some(RelTypeId(8)),Some(LabelId(2))) changed from 3.0 to 13.0, which is a divergence of 0.7692307692307693 which is greater than threshold 0.07035216835744391. Query id: 19826.
2026-04-06 15:56:26.471+0000 INFO  [o.n.c.i.c.CypherQueryCaches] [neo4j/67608b86] Discarded stale query from the query cache after 37448 seconds. Reason: CardinalityByLabelsAndRelationshipType(None,Some(RelTypeId(8)),None) changed from 32.0 to 55.0, which is a divergence of 0.41818181818181815 which is greater than threshold 0.07035217346602378. Query id: 19832.
2026-04-06 15:56:26.508+0000 INFO  [o.n.c.i.c.CypherQueryCaches] [neo4j/67608b86] Discarded stale query from the query cache after 37448 seconds. Reason: CardinalityByLabelsAndRelationshipType(None,Some(RelTypeId(8)),None) changed from 33.0 to 56.0, which is a divergence of 0.4107142857142857 which is greater than threshold 0.07035220582038014. Query id: 19833.
2026-04-06 15:56:26.628+0000 INFO  [o.n.c.i.c.CypherQueryCaches] [neo4j/67608b86] Discarded stale query from the query cache after 37448 seconds. Reason: CardinalityByLabelsAndRelationshipType(None,Some(RelTypeId(12)),None) changed from 5.0 to 41.0, which is a divergence of 0.8780487804878049 which is greater than threshold 0.0703522926664312. Query id: 19847.
2026-04-06 15:56:26.683+0000 INFO  [o.n.c.i.c.CypherQueryCaches] [neo4j/67608b86] Discarded stale query from the query cache after 37448 seconds. Reason: NodesWithLabelCardinality(Some(LabelId(0))) changed from 19.0 to 27.0, which is a divergence of 0.2962962962962963 which is greater than threshold 0.07035238291843696. Query id: 19853.
2026-04-06 15:56:26.740+0000 INFO  [o.n.c.i.c.CypherQueryCaches] [neo4j/67608b86] Discarded stale query from the query cache after 37448 seconds. Reason: NodesWithLabelCardinality(Some(LabelId(0))) changed from 20.0 to 28.0, which is a divergence of 0.2857142857142857 which is greater than threshold 0.07035238121556678. Query id: 19859.
2026-04-06 15:56:26.854+0000 INFO  [o.n.c.i.c.CypherQueryCaches] [neo4j/67608b86] Discarded stale query from the query cache after 37448 seconds. Reason: CardinalityByLabelsAndRelationshipType(Some(LabelId(0)),Some(RelTypeId(6)),Some(LabelId(6))) changed from 7.0 to 18.0, which is a divergence of 0.6111111111111112 which is greater than threshold 0.07035243230170793. Query id: 19883.
2026-04-06 15:56:26.958+0000 INFO  [o.n.c.i.c.CypherQueryCaches] [neo4j/67608b86] Discarded stale query from the query cache after 37448 seconds. Reason: CardinalityByLabelsAndRelationshipType(Some(LabelId(0)),Some(RelTypeId(6)),Some(LabelId(6))) changed from 8.0 to 19.0, which is a divergence of 0.5789473684210527 which is greater than threshold 0.0703524748735489. Query id: 19892.
2026-04-06 15:56:27.072+0000 INFO  [o.n.c.i.c.CypherQueryCaches] [neo4j/67608b86] Discarded stale query from the query cache after 37448 seconds. Reason: CardinalityByLabelsAndRelationshipType(None,Some(RelTypeId(10)),None) changed from 9.0 to 18.0, which is a divergence of 0.5 which is greater than threshold 0.07035248509079839. Query id: 19913.
2026-04-06 15:56:27.131+0000 INFO  [o.n.c.i.c.CypherQueryCaches] [neo4j/67608b86] Discarded stale query from the query cache after 37448 seconds. Reason: CardinalityByLabelsAndRelationshipType(Some(LabelId(3)),Some(RelTypeId(12)),Some(LabelId(4))) changed from 3.0 to 12.0, which is a divergence of 0.75 which is greater than threshold 0.07035248338792326. Query id: 19921.
2026-04-06 15:56:27.179+0000 INFO  [o.n.c.i.c.CypherQueryCaches] [neo4j/67608b86] Discarded stale query from the query cache after 37448 seconds. Reason: CardinalityByLabelsAndRelationshipType(Some(LabelId(3)),Some(RelTypeId(12)),Some(LabelId(5))) changed from 3.0 to 18.0, which is a divergence of 0.8333333333333334 which is greater than threshold 0.07035248679367359. Query id: 19925.
2026-04-06 15:56:27.355+0000 INFO  [o.n.c.i.c.CypherQueryCaches] [neo4j/67608b86] Discarded stale query from the query cache after 37448 seconds. Reason: CardinalityByLabelsAndRelationshipType(None,Some(RelTypeId(10)),None) changed from 11.0 to 19.0, which is a divergence of 0.42105263157894735 which is greater than threshold 0.07035251403968809. Query id: 19954.
2026-04-06 15:56:33.587+0000 INFO  [o.n.c.i.c.CypherQueryCaches] [neo4j/67608b86] Discarded stale query from the query cache after 38888 seconds. Reason: NodesAllCardinality changed from 151.0 to 383.0, which is a divergence of 0.6057441253263708 which is greater than threshold 0.06798302151340663. Query id: 19965.
2026-04-06 15:56:51.183+0000 INFO  [o.n.c.i.c.CypherQueryCaches] [neo4j/67608b86] Discarded stale query from the query cache after 37440 seconds. Reason: NodesAllCardinality changed from 283.0 to 383.0, which is a divergence of 0.26109660574412535 which is greater than threshold 0.07036656387375247. Query id: 19966.
2026-04-06 15:56:51.237+0000 INFO  [o.n.c.i.c.CypherQueryCaches] [neo4j/67608b86] Discarded stale query from the query cache after 37440 seconds. Reason: CardinalityByLabelsAndRelationshipType(None,None,None) changed from 353.0 to 561.0, which is a divergence of 0.37076648841354726 which is greater than threshold 0.0703664769924638. Query id: 19971.
2026-04-06 15:56:51.550+0000 INFO  [o.n.c.i.c.CypherQueryCaches] [neo4j/67608b86] Discarded stale query from the query cache after 37468 seconds. Reason: NodesAllCardinality changed from 283.0 to 383.0, which is a divergence of 0.26109660574412535 which is greater than threshold 0.07031919091358659. Query id: 19973.
2026-04-06 15:56:51.591+0000 INFO  [o.n.c.i.c.CypherQueryCaches] [neo4j/67608b86] Discarded stale query from the query cache after 37468 seconds. Reason: NodesAllCardinality changed from 283.0 to 383.0, which is a divergence of 0.26109660574412535 which is greater than threshold 0.07031920112117075. Query id: 19975.
2026-04-06 16:01:58.046+0000 INFO  [o.n.k.i.t.l.c.CheckPointerImpl] [neo4j/67608b86] Checkpoint triggered by "Scheduled checkpoint for every 15 minutes threshold" @ txId: 998 checkpoint started...
2026-04-06 16:01:58.095+0000 INFO  [o.n.k.i.t.l.c.CheckPointerImpl] [neo4j/67608b86] Checkpoint triggered by "Scheduled checkpoint for every 15 minutes threshold" @ txId: 998 checkpoint completed in 48ms. Checkpoint flushed 61 pages (0% of total available pages), in 49 IOs. Checkpoint performed with IO limit: unlimited, paused in total 0 times( 0 millis).
2026-04-06 16:01:58.095+0000 INFO  [o.n.k.i.t.l.p.LogPruningImpl] [neo4j/67608b86] No log version pruned. The strategy used was '2 days 2147483648 size'. 
2026-04-06 16:21:47.003+0000 INFO  [o.n.c.i.c.CypherQueryCaches] [neo4j/67608b86] Discarded stale query from the query cache after 2995 seconds. Reason: NodesWithLabelCardinality(Some(LabelId(6))) changed from 14.0 to 30.0, which is a divergence of 0.5333333333333333 which is greater than threshold 0.42362550173723457. Query id: 20286.
2026-04-06 16:21:47.109+0000 INFO  [o.n.c.i.c.CypherQueryCaches] [neo4j/67608b86] Discarded stale query from the query cache after 2995 seconds. Reason: CardinalityByLabelsAndRelationshipType(None,Some(RelTypeId(5)),None) changed from 7.0 to 15.0, which is a divergence of 0.5333333333333333 which is greater than threshold 0.4236416172877801. Query id: 20291.
2026-04-06 16:21:48.116+0000 INFO  [o.n.k.i.t.l.c.CheckPointerImpl] [neo4j/67608b86] Checkpoint triggered by "Scheduled checkpoint for every 15 minutes threshold" @ txId: 1007 checkpoint started...
2026-04-06 16:21:48.162+0000 INFO  [o.n.k.i.t.l.c.CheckPointerImpl] [neo4j/67608b86] Checkpoint triggered by "Scheduled checkpoint for every 15 minutes threshold" @ txId: 1007 checkpoint completed in 45ms. Checkpoint flushed 44 pages (0% of total available pages), in 39 IOs. Checkpoint performed with IO limit: unlimited, paused in total 0 times( 0 millis).
2026-04-06 16:21:48.162+0000 INFO  [o.n.k.i.t.l.p.LogPruningImpl] [neo4j/67608b86] No log version pruned. The strategy used was '2 days 2147483648 size'. 
2026-04-06 16:32:33.705+0000 INFO  [o.n.c.i.c.CypherQueryCaches] [neo4j/67608b86] Discarded stale query from the query cache after 2169 seconds. Reason: CardinalityByLabelsAndRelationshipType(Some(LabelId(1)),Some(RelTypeId(6)),Some(LabelId(6))) changed from 14.0 to 29.0, which is a divergence of 0.5172413793103449 which is greater than threshold 0.48166118230260685. Query id: 20511.
2026-04-06 16:32:33.814+0000 INFO  [o.n.c.i.c.CypherQueryCaches] [neo4j/67608b86] Discarded stale query from the query cache after 2169 seconds. Reason: CardinalityByLabelsAndRelationshipType(Some(LabelId(7)),Some(RelTypeId(6)),Some(LabelId(6))) changed from 14.0 to 30.0, which is a divergence of 0.5333333333333333 which is greater than threshold 0.4816614217602431. Query id: 20514.
2026-04-06 16:32:33.985+0000 INFO  [o.n.c.i.c.CypherQueryCaches] [neo4j/67608b86] Discarded stale query from the query cache after 2168 seconds. Reason: CardinalityByLabelsAndRelationshipType(Some(LabelId(0)),Some(RelTypeId(6)),Some(LabelId(6))) changed from 10.0 to 21.0, which is a divergence of 0.5238095238095238 which is greater than threshold 0.4817025321834278. Query id: 20531.
2026-04-06 16:32:34.150+0000 INFO  [o.n.c.i.c.CypherQueryCaches] [neo4j/67608b86] Discarded stale query from the query cache after 2168 seconds. Reason: CardinalityByLabelsAndRelationshipType(None,Some(RelTypeId(11)),None) changed from 6.0 to 14.0, which is a divergence of 0.5714285714285714 which is greater than threshold 0.48169710360892287. Query id: 20547.
2026-04-06 16:32:34.249+0000 INFO  [o.n.c.i.c.CypherQueryCaches] [neo4j/67608b86] Discarded stale query from the query cache after 2168 seconds. Reason: CardinalityByLabelsAndRelationshipType(Some(LabelId(7)),Some(RelTypeId(12)),Some(LabelId(4))) changed from 8.0 to 18.0, which is a divergence of 0.5555555555555556 which is greater than threshold 0.481736623234724. Query id: 20550.
2026-04-06 16:32:34.346+0000 INFO  [o.n.c.i.c.CypherQueryCaches] [neo4j/67608b86] Discarded stale query from the query cache after 2168 seconds. Reason: CardinalityByLabelsAndRelationshipType(None,Some(RelTypeId(12)),None) changed from 36.0 to 70.0, which is a divergence of 0.4857142857142857 which is greater than threshold 0.48171833961192667. Query id: 20552.
2026-04-06 16:32:35.126+0000 INFO  [o.n.c.i.c.CypherQueryCaches] [neo4j/67608b86] Discarded stale query from the query cache after 2169 seconds. Reason: CardinalityByLabelsAndRelationshipType(None,Some(RelTypeId(12)),None) changed from 35.0 to 72.0, which is a divergence of 0.5138888888888888 which is greater than threshold 0.4816529610681766. Query id: 20644.
2026-04-06 16:32:35.232+0000 INFO  [o.n.c.i.c.CypherQueryCaches] [neo4j/67608b86] Discarded stale query from the query cache after 2168 seconds. Reason: CardinalityByLabelsAndRelationshipType(Some(LabelId(7)),Some(RelTypeId(12)),Some(LabelId(3))) changed from 3.0 to 7.0, which is a divergence of 0.5714285714285714 which is greater than threshold 0.4816968641158069. Query id: 20646.
2026-04-06 16:32:35.353+0000 INFO  [o.n.c.i.c.CypherQueryCaches] [neo4j/67608b86] Discarded stale query from the query cache after 39617 seconds. Reason: CardinalityByLabelsAndRelationshipType(Some(LabelId(7)),Some(RelTypeId(12)),Some(LabelId(5))) changed from 3.0 to 37.0, which is a divergence of 0.918918918918919 which is greater than threshold 0.06684355279294424. Query id: 20651.
2026-04-06 16:32:35.622+0000 INFO  [o.n.c.i.c.CypherQueryCaches] [neo4j/67608b86] Discarded stale query from the query cache after 39616 seconds. Reason: CardinalityByLabelsAndRelationshipType(None,Some(RelTypeId(9)),None) changed from 6.0 to 21.0, which is a divergence of 0.7142857142857143 which is greater than threshold 0.06684441366100617. Query id: 20687.
2026-04-06 16:36:48.180+0000 INFO  [o.n.k.i.t.l.c.CheckPointerImpl] [neo4j/67608b86] Checkpoint triggered by "Scheduled checkpoint for every 15 minutes threshold" @ txId: 1270 checkpoint started...
2026-04-06 16:36:48.252+0000 INFO  [o.n.k.i.t.l.c.CheckPointerImpl] [neo4j/67608b86] Checkpoint triggered by "Scheduled checkpoint for every 15 minutes threshold" @ txId: 1270 checkpoint completed in 72ms. Checkpoint flushed 58 pages (0% of total available pages), in 47 IOs. Checkpoint performed with IO limit: unlimited, paused in total 0 times( 0 millis).
2026-04-06 16:36:48.253+0000 INFO  [o.n.k.i.t.l.p.LogPruningImpl] [neo4j/67608b86] No log version pruned. The strategy used was '2 days 2147483648 size'. 
2026-04-06 17:04:18.286+0000 INFO  [o.n.k.i.t.l.c.CheckPointerImpl] [neo4j/67608b86] Checkpoint triggered by "Scheduled checkpoint for every 15 minutes threshold" @ txId: 1303 checkpoint started...
2026-04-06 17:04:18.357+0000 INFO  [o.n.k.i.t.l.c.CheckPointerImpl] [neo4j/67608b86] Checkpoint triggered by "Scheduled checkpoint for every 15 minutes threshold" @ txId: 1303 checkpoint completed in 70ms. Checkpoint flushed 45 pages (0% of total available pages), in 40 IOs. Checkpoint performed with IO limit: unlimited, paused in total 0 times( 0 millis).
2026-04-06 17:04:18.358+0000 INFO  [o.n.k.i.t.l.p.LogPruningImpl] [neo4j/67608b86] No log version pruned. The strategy used was '2 days 2147483648 size'. 
2026-04-06 17:07:42.809+0000 INFO  [o.n.c.i.c.CypherQueryCaches] [neo4j/67608b86] Discarded stale query from the query cache after 2755 seconds. Reason: NodesWithLabelCardinality(Some(LabelId(6))) changed from 30.0 to 60.0, which is a divergence of 0.5 which is greater than threshold 0.4389771869881794. Query id: 21177.
2026-04-06 17:11:18.907+0000 INFO  [o.n.c.i.c.CypherQueryCaches] [neo4j/67608b86] Discarded stale query from the query cache after 4495 seconds. Reason: NodesWithLabelCardinality(Some(LabelId(1))) changed from 19.0 to 35.0, which is a divergence of 0.45714285714285713 which is greater than threshold 0.34765399112026285. Query id: 21229.
2026-04-06 17:11:18.973+0000 INFO  [o.n.c.i.c.CypherQueryCaches] [neo4j/67608b86] Discarded stale query from the query cache after 4495 seconds. Reason: NodesWithLabelCardinality(Some(LabelId(7))) changed from 10.0 to 24.0, which is a divergence of 0.5833333333333334 which is greater than threshold 0.34765399112026285. Query id: 21232.
2026-04-06 17:11:19.027+0000 INFO  [o.n.c.i.c.CypherQueryCaches] [neo4j/67608b86] Discarded stale query from the query cache after 4495 seconds. Reason: NodesWithLabelCardinality(Some(LabelId(4))) changed from 11.0 to 22.0, which is a divergence of 0.5 which is greater than threshold 0.34765461487003935. Query id: 21235.
2026-04-06 17:11:19.075+0000 INFO  [o.n.c.i.c.CypherQueryCaches] [neo4j/67608b86] Discarded stale query from the query cache after 4495 seconds. Reason: NodesWithLabelCardinality(Some(LabelId(5))) changed from 39.0 to 66.0, which is a divergence of 0.4090909090909091 which is greater than threshold 0.3476554465398898. Query id: 21238.
2026-04-06 17:11:19.119+0000 INFO  [o.n.c.i.c.CypherQueryCaches] [neo4j/67608b86] Discarded stale query from the query cache after 4494 seconds. Reason: NodesAllCardinality changed from 309.0 to 509.0, which is a divergence of 0.3929273084479371 which is greater than threshold 0.3476563197975152. Query id: 21239.
2026-04-06 17:11:19.175+0000 INFO  [o.n.c.i.c.CypherQueryCaches] [neo4j/67608b86] Discarded stale query from the query cache after 4494 seconds. Reason: NodesAllCardinality changed from 310.0 to 511.0, which is a divergence of 0.3933463796477495 which is greater than threshold 0.3476561950461573. Query id: 21241.
2026-04-06 17:11:19.245+0000 INFO  [o.n.c.i.c.CypherQueryCaches] [neo4j/67608b86] Discarded stale query from the query cache after 4494 seconds. Reason: NodesAllCardinality changed from 315.0 to 517.0, which is a divergence of 0.390715667311412 which is greater than threshold 0.34765652771664407. Query id: 21247.
2026-04-06 17:11:19.313+0000 INFO  [o.n.c.i.c.CypherQueryCaches] [neo4j/67608b86] Discarded stale query from the query cache after 4494 seconds. Reason: NodesWithLabelCardinality(Some(LabelId(0))) changed from 22.0 to 39.0, which is a divergence of 0.4358974358974359 which is greater than threshold 0.3476567356360216. Query id: 21253.
2026-04-06 17:11:19.456+0000 INFO  [o.n.c.i.c.CypherQueryCaches] [neo4j/67608b86] Discarded stale query from the query cache after 4494 seconds. Reason: CardinalityByLabelsAndRelationshipType(Some(LabelId(4)),Some(RelTypeId(6)),Some(LabelId(6))) changed from 12.0 to 29.0, which is a divergence of 0.5862068965517241 which is greater than threshold 0.34767482557392776. Query id: 21274.
2026-04-06 17:11:19.569+0000 INFO  [o.n.c.i.c.CypherQueryCaches] [neo4j/67608b86] Discarded stale query from the query cache after 4494 seconds. Reason: CardinalityByLabelsAndRelationshipType(None,Some(RelTypeId(6)),None) changed from 167.0 to 372.0, which is a divergence of 0.5510752688172043 which is greater than threshold 0.3476751166917678. Query id: 21277.
2026-04-06 17:11:19.653+0000 INFO  [o.n.c.i.c.CypherQueryCaches] [neo4j/67608b86] Discarded stale query from the query cache after 4494 seconds. Reason: CardinalityByLabelsAndRelationshipType(None,Some(RelTypeId(6)),None) changed from 169.0 to 373.0, which is a divergence of 0.546916890080429 which is greater than threshold 0.34767611481377764. Query id: 21278.
2026-04-06 17:11:19.743+0000 INFO  [o.n.c.i.c.CypherQueryCaches] [neo4j/67608b86] Discarded stale query from the query cache after 4494 seconds. Reason: CardinalityByLabelsAndRelationshipType(None,Some(RelTypeId(6)),None) changed from 170.0 to 375.0, which is a divergence of 0.5466666666666666 which is greater than threshold 0.34767781995213554. Query id: 21280.
2026-04-06 17:11:19.852+0000 INFO  [o.n.c.i.c.CypherQueryCaches] [neo4j/67608b86] Discarded stale query from the query cache after 4494 seconds. Reason: CardinalityByLabelsAndRelationshipType(None,Some(RelTypeId(6)),None) changed from 175.0 to 381.0, which is a divergence of 0.5406824146981627 which is greater than threshold 0.34767836060925356. Query id: 21286.
2026-04-06 17:11:19.985+0000 INFO  [o.n.c.i.c.CypherQueryCaches] [neo4j/67608b86] Discarded stale query from the query cache after 4494 seconds. Reason: CardinalityByLabelsAndRelationshipType(Some(LabelId(1)),Some(RelTypeId(9)),Some(LabelId(4))) changed from 6.0 to 16.0, which is a divergence of 0.625 which is greater than threshold 0.34768859182246364. Query id: 21298.
2026-04-06 17:11:20.082+0000 INFO  [o.n.c.i.c.CypherQueryCaches] [neo4j/67608b86] Discarded stale query from the query cache after 4494 seconds. Reason: CardinalityByLabelsAndRelationshipType(Some(LabelId(4)),Some(RelTypeId(7)),Some(LabelId(5))) changed from 25.0 to 54.0, which is a divergence of 0.5370370370370371 which is greater than threshold 0.34768738567252466. Query id: 21302.
2026-04-06 17:11:20.166+0000 INFO  [o.n.c.i.c.CypherQueryCaches] [neo4j/67608b86] Discarded stale query from the query cache after 4494 seconds. Reason: CardinalityByLabelsAndRelationshipType(Some(LabelId(4)),Some(RelTypeId(7)),Some(LabelId(5))) changed from 27.0 to 55.0, which is a divergence of 0.509090909090909 which is greater than threshold 0.34768563884951825. Query id: 21303.
2026-04-06 17:11:20.257+0000 INFO  [o.n.c.i.c.CypherQueryCaches] [neo4j/67608b86] Discarded stale query from the query cache after 4494 seconds. Reason: CardinalityByLabelsAndRelationshipType(None,Some(RelTypeId(8)),None) changed from 41.0 to 83.0, which is a divergence of 0.5060240963855421 which is greater than threshold 0.34768335136974265. Query id: 21305.
2026-04-06 17:11:20.369+0000 INFO  [o.n.c.i.c.CypherQueryCaches] [neo4j/67608b86] Discarded stale query from the query cache after 4494 seconds. Reason: CardinalityByLabelsAndRelationshipType(None,Some(RelTypeId(10)),None) changed from 13.0 to 30.0, which is a divergence of 0.5666666666666667 which is greater than threshold 0.3476806896129849. Query id: 21312.
2026-04-06 17:11:20.634+0000 INFO  [o.n.c.i.c.CypherQueryCaches] [neo4j/67608b86] Discarded stale query from the query cache after 4493 seconds. Reason: NodesWithLabelCardinality(Some(LabelId(0))) changed from 27.0 to 45.0, which is a divergence of 0.4 which is greater than threshold 0.3477003626215255. Query id: 21348.
2026-04-06 17:11:20.712+0000 INFO  [o.n.c.i.c.CypherQueryCaches] [neo4j/67608b86] Discarded stale query from the query cache after 4493 seconds. Reason: NodesWithLabelCardinality(Some(LabelId(0))) changed from 28.0 to 46.0, which is a divergence of 0.391304347826087 which is greater than threshold 0.3476997387075802. Query id: 21358.
2026-04-06 17:11:20.844+0000 INFO  [o.n.c.i.c.CypherQueryCaches] [neo4j/67608b86] Discarded stale query from the query cache after 4493 seconds. Reason: NodesWithLabelCardinality(Some(LabelId(6))) changed from 30.0 to 63.0, which is a divergence of 0.5238095238095238 which is greater than threshold 0.3476994475485054. Query id: 21382.
2026-04-06 17:11:21.020+0000 INFO  [o.n.c.i.c.CypherQueryCaches] [neo4j/67608b86] Discarded stale query from the query cache after 4494 seconds. Reason: CardinalityByLabelsAndRelationshipType(Some(LabelId(1)),Some(RelTypeId(8)),Some(LabelId(2))) changed from 5.0 to 11.0, which is a divergence of 0.5454545454545454 which is greater than threshold 0.3476700429934931. Query id: 21390.
2026-04-06 17:11:21.072+0000 INFO  [o.n.c.i.c.CypherQueryCaches] [neo4j/67608b86] Discarded stale query from the query cache after 4494 seconds. Reason: NodesWithLabelCardinality(Some(LabelId(6))) changed from 30.0 to 63.0, which is a divergence of 0.5238095238095238 which is greater than threshold 0.34769428995429064. Query id: 21396.
2026-04-06 17:11:21.114+0000 INFO  [o.n.c.i.c.CypherQueryCaches] [neo4j/67608b86] Discarded stale query from the query cache after 4494 seconds. Reason: CardinalityByLabelsAndRelationshipType(Some(LabelId(1)),Some(RelTypeId(10)),Some(LabelId(0))) changed from 14.0 to 29.0, which is a divergence of 0.5172413793103449 which is greater than threshold 0.3476972846677865. Query id: 21400.
2026-04-06 17:11:21.144+0000 INFO  [o.n.c.i.c.CypherQueryCaches] [neo4j/67608b86] Discarded stale query from the query cache after 4494 seconds. Reason: CardinalityByLabelsAndRelationshipType(None,Some(RelTypeId(10)),None) changed from 16.0 to 38.0, which is a divergence of 0.5789473684210527 which is greater than threshold 0.34767574051735234. Query id: 21401.
2026-04-06 17:11:21.202+0000 INFO  [o.n.c.i.c.CypherQueryCaches] [neo4j/67608b86] Discarded stale query from the query cache after 41943 seconds. Reason: CardinalityByLabelsAndRelationshipType(None,Some(RelTypeId(10)),None) changed from 6.0 to 39.0, which is a divergence of 0.8461538461538461 which is greater than threshold 0.06344903343923755. Query id: 21410.
2026-04-06 17:11:21.282+0000 INFO  [o.n.c.i.c.CypherQueryCaches] [neo4j/67608b86] Discarded stale query from the query cache after 4493 seconds. Reason: CardinalityByLabelsAndRelationshipType(None,Some(RelTypeId(10)),None) changed from 19.0 to 45.0, which is a divergence of 0.5777777777777777 which is greater than threshold 0.34770244235084763. Query id: 21426.
2026-04-06 17:11:24.924+0000 INFO  [o.n.c.i.c.CypherQueryCaches] [neo4j/67608b86] Discarded stale query from the query cache after 4500 seconds. Reason: NodesAllCardinality changed from 331.0 to 572.0, which is a divergence of 0.42132867132867136 which is greater than threshold 0.3474291712510889. Query id: 21437.
2026-04-06 17:11:51.240+0000 INFO  [o.n.c.i.c.CypherQueryCaches] [neo4j/67608b86] Discarded stale query from the query cache after 4499 seconds. Reason: CardinalityByLabelsAndRelationshipType(None,None,None) changed from 561.0 to 883.0, which is a divergence of 0.3646659116647792 which is greater than threshold 0.3474496049566497. Query id: 21448.
2026-04-06 17:19:18.373+0000 INFO  [o.n.k.i.t.l.c.CheckPointerImpl] [neo4j/67608b86] Checkpoint triggered by "Scheduled checkpoint for every 15 minutes threshold" @ txId: 1516 checkpoint started...
2026-04-06 17:19:18.420+0000 INFO  [o.n.k.i.t.l.c.CheckPointerImpl] [neo4j/67608b86] Checkpoint triggered by "Scheduled checkpoint for every 15 minutes threshold" @ txId: 1516 checkpoint completed in 46ms. Checkpoint flushed 59 pages (0% of total available pages), in 50 IOs. Checkpoint performed with IO limit: unlimited, paused in total 0 times( 0 millis).
2026-04-06 17:19:18.420+0000 INFO  [o.n.k.i.t.l.p.LogPruningImpl] [neo4j/67608b86] No log version pruned. The strategy used was '2 days 2147483648 size'. 
2026-04-06 18:05:35.293+0000 INFO  [o.n.c.i.c.CypherQueryCaches] [neo4j/67608b86] Discarded stale query from the query cache after 6228 seconds. Reason: NodesWithLabelCardinality(Some(LabelId(6))) changed from 35.0 to 98.0, which is a divergence of 0.6428571428571429 which is greater than threshold 0.2879605050335702. Query id: 22167.
2026-04-06 18:05:37.607+0000 INFO  [o.n.c.i.c.CypherQueryCaches] [neo4j/67608b86] Discarded stale query from the query cache after 7726 seconds. Reason: NodesAllCardinality changed from 383.0 to 608.0, which is a divergence of 0.37006578947368424 which is greater than threshold 0.25074900689357693. Query id: 22201.
2026-04-06 18:05:37.641+0000 INFO  [o.n.c.i.c.CypherQueryCaches] [neo4j/67608b86] Discarded stale query from the query cache after 7726 seconds. Reason: NodesAllCardinality changed from 383.0 to 608.0, which is a divergence of 0.37006578947368424 which is greater than threshold 0.25074889873220535. Query id: 22203.
2026-04-06 18:05:38.468+0000 INFO  [o.n.k.i.t.l.c.CheckPointerImpl] [neo4j/67608b86] Checkpoint triggered by "Scheduled checkpoint for every 15 minutes threshold" @ txId: 1585 checkpoint started...
2026-04-06 18:05:38.533+0000 INFO  [o.n.k.i.t.l.c.CheckPointerImpl] [neo4j/67608b86] Checkpoint triggered by "Scheduled checkpoint for every 15 minutes threshold" @ txId: 1585 checkpoint completed in 54ms. Checkpoint flushed 54 pages (0% of total available pages), in 41 IOs. Checkpoint performed with IO limit: unlimited, paused in total 0 times( 0 millis).
2026-04-06 18:05:38.533+0000 INFO  [o.n.k.i.t.l.p.LogPruningImpl] [neo4j/67608b86] No log version pruned. The strategy used was '2 days 2147483648 size'. 
2026-04-06 18:05:40.200+0000 INFO  [o.n.c.i.c.CypherQueryCaches] [neo4j/67608b86] Discarded stale query from the query cache after 7728 seconds. Reason: NodesAllCardinality changed from 383.0 to 608.0, which is a divergence of 0.37006578947368424 which is greater than threshold 0.25068665652747446. Query id: 22204.
2026-04-06 18:22:16.902+0000 INFO  [o.n.c.i.c.CypherQueryCaches] [neo4j/67608b86] Discarded stale query from the query cache after 4474 seconds. Reason: NodesWithLabelCardinality(Some(LabelId(6))) changed from 60.0 to 98.0, which is a divergence of 0.3877551020408163 which is greater than threshold 0.3485310681479657. Query id: 22423.
2026-04-06 18:22:18.557+0000 INFO  [o.n.k.i.t.l.c.CheckPointerImpl] [neo4j/67608b86] Checkpoint triggered by "Scheduled checkpoint for every 15 minutes threshold" @ txId: 1588 checkpoint started...
2026-04-06 18:22:18.597+0000 INFO  [o.n.k.i.t.l.c.CheckPointerImpl] [neo4j/67608b86] Checkpoint triggered by "Scheduled checkpoint for every 15 minutes threshold" @ txId: 1588 checkpoint completed in 39ms. Checkpoint flushed 40 pages (0% of total available pages), in 35 IOs. Checkpoint performed with IO limit: unlimited, paused in total 0 times( 0 millis).
2026-04-06 18:22:18.597+0000 INFO  [o.n.k.i.t.l.p.LogPruningImpl] [neo4j/67608b86] No log version pruned. The strategy used was '2 days 2147483648 size'. 
2026-04-06 18:24:22.556+0000 INFO  [o.n.c.i.c.CypherQueryCaches] [neo4j/67608b86] Discarded stale query from the query cache after 6708 seconds. Reason: NodesWithLabelCardinality(Some(LabelId(6))) changed from 43.0 to 101.0, which is a divergence of 0.5742574257425742 which is greater than threshold 0.2748720764561209. Query id: 22516.
2026-04-06 18:24:22.591+0000 INFO  [o.n.c.i.c.CypherQueryCaches] [neo4j/67608b86] Discarded stale query from the query cache after 6708 seconds. Reason: NodesWithLabelCardinality(Some(LabelId(6))) changed from 43.0 to 101.0, which is a divergence of 0.5742574257425742 which is greater than threshold 0.2748737661234178. Query id: 22518.
2026-04-06 18:24:22.627+0000 INFO  [o.n.c.i.c.CypherQueryCaches] [neo4j/67608b86] Discarded stale query from the query cache after 4383 seconds. Reason: NodesWithLabelCardinality(Some(LabelId(6))) changed from 63.0 to 101.0, which is a divergence of 0.37623762376237624 which is greater than threshold 0.3523733996794423. Query id: 22521.
2026-04-06 18:24:22.662+0000 INFO  [o.n.c.i.c.CypherQueryCaches] [neo4j/67608b86] Discarded stale query from the query cache after 4383 seconds. Reason: NodesWithLabelCardinality(Some(LabelId(6))) changed from 63.0 to 101.0, which is a divergence of 0.37623762376237624 which is greater than threshold 0.35237592017117264. Query id: 22524.
2026-04-06 18:24:22.691+0000 INFO  [o.n.c.i.c.CypherQueryCaches] [neo4j/67608b86] Discarded stale query from the query cache after 4382 seconds. Reason: NodesWithLabelCardinality(Some(LabelId(6))) changed from 63.0 to 101.0, which is a divergence of 0.37623762376237624 which is greater than threshold 0.3523821147532053. Query id: 22525.
2026-04-06 18:24:22.732+0000 INFO  [o.n.c.i.c.CypherQueryCaches] [neo4j/67608b86] Discarded stale query from the query cache after 4382 seconds. Reason: NodesWithLabelCardinality(Some(LabelId(6))) changed from 63.0 to 101.0, which is a divergence of 0.37623762376237624 which is greater than threshold 0.3523848917055059. Query id: 22530.
2026-04-06 18:24:22.766+0000 INFO  [o.n.c.i.c.CypherQueryCaches] [neo4j/67608b86] Discarded stale query from the query cache after 6708 seconds. Reason: NodesWithLabelCardinality(Some(LabelId(6))) changed from 43.0 to 101.0, which is a divergence of 0.5742574257425742 which is greater than threshold 0.2748736101532586. Query id: 22533.
2026-04-06 18:24:22.801+0000 INFO  [o.n.c.i.c.CypherQueryCaches] [neo4j/67608b86] Discarded stale query from the query cache after 6708 seconds. Reason: NodesWithLabelCardinality(Some(LabelId(7))) changed from 24.0 to 36.0, which is a divergence of 0.3333333333333333 which is greater than threshold 0.2748797191167943. Query id: 22536.
2026-04-06 18:24:22.831+0000 INFO  [o.n.c.i.c.CypherQueryCaches] [neo4j/67608b86] Discarded stale query from the query cache after 6708 seconds. Reason: NodesWithLabelCardinality(Some(LabelId(7))) changed from 24.0 to 36.0, which is a divergence of 0.3333333333333333 which is greater than threshold 0.2748813828815689. Query id: 22538.
2026-04-06 18:24:22.881+0000 INFO  [o.n.c.i.c.CypherQueryCaches] [neo4j/67608b86] Discarded stale query from the query cache after 4382 seconds. Reason: CardinalityByLabelsAndRelationshipType(Some(LabelId(1)),Some(RelTypeId(10)),Some(LabelId(0))) changed from 22.0 to 36.0, which is a divergence of 0.3888888888888889 which is greater than threshold 0.35240061435313663. Query id: 22546.
2026-04-06 18:24:23.005+0000 INFO  [o.n.c.i.c.CypherQueryCaches] [neo4j/67608b86] Discarded stale query from the query cache after 8876 seconds. Reason: NodesWithLabelCardinality(Some(LabelId(6))) changed from 30.0 to 101.0, which is a divergence of 0.7029702970297029 which is greater than threshold 0.22810430214553992. Query id: 22582.
2026-04-06 18:24:23.069+0000 INFO  [o.n.c.i.c.CypherQueryCaches] [neo4j/67608b86] Discarded stale query from the query cache after 4383 seconds. Reason: NodesWithLabelCardinality(Some(LabelId(6))) changed from 63.0 to 101.0, which is a divergence of 0.37623762376237624 which is greater than threshold 0.3523621219885779. Query id: 22595.
2026-04-06 18:24:23.153+0000 INFO  [o.n.c.i.c.CypherQueryCaches] [neo4j/67608b86] Discarded stale query from the query cache after 4381 seconds. Reason: CardinalityByLabelsAndRelationshipType(Some(LabelId(1)),Some(RelTypeId(10)),Some(LabelId(2))) changed from 3.0 to 8.0, which is a divergence of 0.625 which is greater than threshold 0.35242261987067575. Query id: 22608.
2026-04-06 18:24:23.189+0000 INFO  [o.n.c.i.c.CypherQueryCaches] [neo4j/67608b86] Discarded stale query from the query cache after 8876 seconds. Reason: CardinalityByLabelsAndRelationshipType(Some(LabelId(2)),Some(RelTypeId(8)),Some(LabelId(2))) changed from 12.0 to 30.0, which is a divergence of 0.6 which is greater than threshold 0.22810380090296142. Query id: 22610.
2026-04-06 18:24:23.224+0000 INFO  [o.n.c.i.c.CypherQueryCaches] [neo4j/67608b86] Discarded stale query from the query cache after 8876 seconds. Reason: CardinalityByLabelsAndRelationshipType(Some(LabelId(2)),Some(RelTypeId(8)),Some(LabelId(2))) changed from 13.0 to 32.0, which is a divergence of 0.59375 which is greater than threshold 0.22810397991791515. Query id: 22612.
2026-04-06 18:24:23.275+0000 INFO  [o.n.c.i.c.CypherQueryCaches] [neo4j/67608b86] Discarded stale query from the query cache after 8876 seconds. Reason: CardinalityByLabelsAndRelationshipType(Some(LabelId(2)),Some(RelTypeId(8)),Some(LabelId(3))) changed from 4.0 to 8.0, which is a divergence of 0.5 which is greater than threshold 0.22810408732702225. Query id: 22618.
2026-04-06 18:24:23.309+0000 INFO  [o.n.c.i.c.CypherQueryCaches] [neo4j/67608b86] Discarded stale query from the query cache after 8876 seconds. Reason: CardinalityByLabelsAndRelationshipType(None,Some(RelTypeId(8)),None) changed from 56.0 to 110.0, which is a divergence of 0.4909090909090909 which is greater than threshold 0.22810415893314986. Query id: 22619.
2026-04-06 18:24:23.383+0000 INFO  [o.n.c.i.c.CypherQueryCaches] [neo4j/67608b86] Discarded stale query from the query cache after 6708 seconds. Reason: CardinalityByLabelsAndRelationshipType(Some(LabelId(7)),Some(RelTypeId(12)),Some(LabelId(2))) changed from 6.0 to 11.0, which is a divergence of 0.45454545454545453 which is greater than threshold 0.2748875961811947. Query id: 22637.
2026-04-06 18:24:23.417+0000 INFO  [o.n.c.i.c.CypherQueryCaches] [neo4j/67608b86] Discarded stale query from the query cache after 6708 seconds. Reason: NodesWithLabelCardinality(Some(LabelId(7))) changed from 24.0 to 36.0, which is a divergence of 0.3333333333333333 which is greater than threshold 0.27488954601931453. Query id: 22639.
2026-04-06 18:24:23.461+0000 INFO  [o.n.c.i.c.CypherQueryCaches] [neo4j/67608b86] Discarded stale query from the query cache after 6708 seconds. Reason: NodesWithLabelCardinality(Some(LabelId(7))) changed from 24.0 to 36.0, which is a divergence of 0.3333333333333333 which is greater than threshold 0.27489146988670343. Query id: 22644.
2026-04-06 18:24:23.776+0000 INFO  [o.n.c.i.c.CypherQueryCaches] [neo4j/67608b86] Discarded stale query from the query cache after 4382 seconds. Reason: NodesWithLabelCardinality(Some(LabelId(6))) changed from 63.0 to 101.0, which is a divergence of 0.37623762376237624 which is greater than threshold 0.35238207203120414. Query id: 22734.
2026-04-06 18:24:23.899+0000 INFO  [o.n.c.i.c.CypherQueryCaches] [neo4j/67608b86] Discarded stale query from the query cache after 4382 seconds. Reason: NodesWithLabelCardinality(Some(LabelId(6))) changed from 63.0 to 101.0, which is a divergence of 0.37623762376237624 which is greater than threshold 0.3523852762100433. Query id: 22753.
2026-04-06 18:24:23.985+0000 INFO  [o.n.c.i.c.CypherQueryCaches] [neo4j/67608b86] Discarded stale query from the query cache after 6709 seconds. Reason: NodesWithLabelCardinality(Some(LabelId(7))) changed from 24.0 to 58.0, which is a divergence of 0.5862068965517241 which is greater than threshold 0.2748462141416069. Query id: 22771.
2026-04-06 18:24:24.524+0000 INFO  [o.n.c.i.c.CypherQueryCaches] [neo4j/67608b86] Discarded stale query from the query cache after 8877 seconds. Reason: CardinalityByLabelsAndRelationshipType(None,Some(RelTypeId(12)),None) changed from 52.0 to 121.0, which is a divergence of 0.5702479338842975 which is greater than threshold 0.22809452831258872. Query id: 22919.
2026-04-06 18:24:24.724+0000 INFO  [o.n.c.i.c.CypherQueryCaches] [neo4j/67608b86] Discarded stale query from the query cache after 8879 seconds. Reason: CardinalityByLabelsAndRelationshipType(None,Some(RelTypeId(11)),None) changed from 7.0 to 32.0, which is a divergence of 0.78125 which is greater than threshold 0.2280639054800325. Query id: 22970.
2026-04-06 18:24:25.583+0000 INFO  [o.n.c.i.c.CypherQueryCaches] [neo4j/67608b86] Discarded stale query from the query cache after 4384 seconds. Reason: CardinalityByLabelsAndRelationshipType(None,Some(RelTypeId(10)),None) changed from 45.0 to 74.0, which is a divergence of 0.3918918918918919 which is greater than threshold 0.35232231409435927. Query id: 23269.
2026-04-06 18:24:29.631+0000 INFO  [o.n.c.i.c.CypherQueryCaches] [neo4j/67608b86] Discarded stale query from the query cache after 8876 seconds. Reason: NodesAllCardinality changed from 383.0 to 760.0, which is a divergence of 0.49605263157894736 which is greater than threshold 0.22811772910584685. Query id: 23293.
2026-04-06 18:24:51.233+0000 INFO  [o.n.c.i.c.CypherQueryCaches] [neo4j/67608b86] Discarded stale query from the query cache after 4379 seconds. Reason: CardinalityByLabelsAndRelationshipType(None,None,None) changed from 883.0 to 1599.0, which is a divergence of 0.44777986241400874 which is greater than threshold 0.35250669342900093. Query id: 23303.
2026-04-06 18:37:18.618+0000 INFO  [o.n.k.i.t.l.c.CheckPointerImpl] [neo4j/67608b86] Checkpoint triggered by "Scheduled checkpoint for every 15 minutes threshold" @ txId: 2427 checkpoint started...
2026-04-06 18:37:18.665+0000 INFO  [o.n.k.i.t.l.c.CheckPointerImpl] [neo4j/67608b86] Checkpoint triggered by "Scheduled checkpoint for every 15 minutes threshold" @ txId: 2427 checkpoint completed in 46ms. Checkpoint flushed 63 pages (0% of total available pages), in 54 IOs. Checkpoint performed with IO limit: unlimited, paused in total 0 times( 0 millis).
2026-04-06 18:37:18.668+0000 INFO  [o.n.k.i.t.l.p.LogPruningImpl] [neo4j/67608b86] No log version pruned. The strategy used was '2 days 2147483648 size'. 
2026-04-07 05:56:32.354+0000 INFO  [o.n.c.i.c.CypherQueryCaches] [neo4j/67608b86] Discarded stale query from the query cache after 41655 seconds. Reason: NodesAllCardinality changed from 608.0 to 760.0, which is a divergence of 0.2 which is greater than threshold 0.06385080585386418. Query id: 32078.
2026-04-07 05:56:33.489+0000 INFO  [o.n.c.i.c.CypherQueryCaches] [neo4j/67608b86] Discarded stale query from the query cache after 42658 seconds. Reason: CardinalityByLabelsAndRelationshipType(None,Some(RelTypeId(5)),None) changed from 39.0 to 73.0, which is a divergence of 0.4657534246575342 which is greater than threshold 0.0624745663328846. Query id: 32095.
2026-04-07 05:56:38.737+0000 INFO  [o.n.c.i.c.CypherQueryCaches] [neo4j/67608b86] Discarded stale query from the query cache after 42661 seconds. Reason: NodesAllCardinality changed from 608.0 to 777.0, which is a divergence of 0.2175032175032175 which is greater than threshold 0.06247059440839192. Query id: 32111.
2026-04-07 05:56:38.799+0000 INFO  [o.n.c.i.c.CypherQueryCaches] [neo4j/67608b86] Discarded stale query from the query cache after 42661 seconds. Reason: NodesAllCardinality changed from 608.0 to 777.0, which is a divergence of 0.2175032175032175 which is greater than threshold 0.062470551442396084. Query id: 32113.
2026-04-07 05:56:39.503+0000 INFO  [o.n.k.i.t.l.c.CheckPointerImpl] [neo4j/67608b86] Checkpoint triggered by "Scheduled checkpoint for every 15 minutes threshold" @ txId: 2460 checkpoint started...
2026-04-07 05:56:39.674+0000 INFO  [o.n.k.i.t.l.c.CheckPointerImpl] [neo4j/67608b86] Checkpoint triggered by "Scheduled checkpoint for every 15 minutes threshold" @ txId: 2460 checkpoint completed in 167ms. Checkpoint flushed 46 pages (0% of total available pages), in 39 IOs. Checkpoint performed with IO limit: unlimited, paused in total 0 times( 0 millis).
2026-04-07 05:56:39.676+0000 INFO  [o.n.k.i.t.l.p.LogPruningImpl] [neo4j/67608b86] No log version pruned. The strategy used was '2 days 2147483648 size'. 
2026-04-07 05:56:51.547+0000 INFO  [o.n.c.i.c.CypherQueryCaches] [neo4j/67608b86] Discarded stale query from the query cache after 42671 seconds. Reason: NodesAllCardinality changed from 608.0 to 777.0, which is a divergence of 0.2175032175032175 which is greater than threshold 0.06245693017369754. Query id: 32114.
2026-04-07 06:04:50.787+0000 INFO  [o.n.c.i.c.CypherQueryCaches] [neo4j/67608b86] Discarded stale query from the query cache after 46411 seconds. Reason: NodesWithLabelCardinality(Some(LabelId(1))) changed from 35.0 to 58.0, which is a divergence of 0.39655172413793105 which is greater than threshold 0.05781024769435183. Query id: 32218.
2026-04-07 06:04:50.848+0000 INFO  [o.n.c.i.c.CypherQueryCaches] [neo4j/67608b86] Discarded stale query from the query cache after 46411 seconds. Reason: NodesWithLabelCardinality(Some(LabelId(7))) changed from 24.0 to 58.0, which is a divergence of 0.5862068965517241 which is greater than threshold 0.05781024309503272. Query id: 32220.
2026-04-07 06:04:50.943+0000 INFO  [o.n.c.i.c.CypherQueryCaches] [neo4j/67608b86] Discarded stale query from the query cache after 46411 seconds. Reason: NodesAllCardinality changed from 505.0 to 785.0, which is a divergence of 0.35668789808917195 which is greater than threshold 0.05781019135274316. Query id: 32223.
2026-04-07 06:04:51.002+0000 INFO  [o.n.c.i.c.CypherQueryCaches] [neo4j/67608b86] Discarded stale query from the query cache after 46411 seconds. Reason: NodesAllCardinality changed from 508.0 to 788.0, which is a divergence of 0.3553299492385787 which is greater than threshold 0.05781018100429636. Query id: 32226.
2026-04-07 06:04:51.057+0000 INFO  [o.n.c.i.c.CypherQueryCaches] [neo4j/67608b86] Discarded stale query from the query cache after 46411 seconds. Reason: NodesAllCardinality changed from 509.0 to 789.0, which is a divergence of 0.3548795944233207 which is greater than threshold 0.05781017525516085. Query id: 32227.
2026-04-07 06:04:51.114+0000 INFO  [o.n.c.i.c.CypherQueryCaches] [neo4j/67608b86] Discarded stale query from the query cache after 46411 seconds. Reason: NodesAllCardinality changed from 511.0 to 791.0, which is a divergence of 0.35398230088495575 which is greater than threshold 0.05781016950602649. Query id: 32229.
2026-04-07 06:04:51.185+0000 INFO  [o.n.c.i.c.CypherQueryCaches] [neo4j/67608b86] Discarded stale query from the query cache after 46411 seconds. Reason: NodesAllCardinality changed from 517.0 to 796.0, which is a divergence of 0.35050251256281406 which is greater than threshold 0.057810168356199745. Query id: 32234.
2026-04-07 06:04:51.240+0000 INFO  [o.n.c.i.c.CypherQueryCaches] [neo4j/67608b86] Discarded stale query from the query cache after 46411 seconds. Reason: NodesWithLabelCardinality(Some(LabelId(0))) changed from 39.0 to 67.0, which is a divergence of 0.417910447761194 which is greater than threshold 0.057810179854469165. Query id: 32237.
2026-04-07 06:04:51.347+0000 INFO  [o.n.c.i.c.CypherQueryCaches] [neo4j/67608b86] Discarded stale query from the query cache after 42028 seconds. Reason: CardinalityByLabelsAndRelationshipType(None,Some(RelTypeId(6)),None) changed from 446.0 to 925.0, which is a divergence of 0.5178378378378379 which is greater than threshold 0.06333134882256941. Query id: 32251.
2026-04-07 06:04:51.442+0000 INFO  [o.n.c.i.c.CypherQueryCaches] [neo4j/67608b86] Discarded stale query from the query cache after 42028 seconds. Reason: CardinalityByLabelsAndRelationshipType(Some(LabelId(7)),Some(RelTypeId(6)),Some(LabelId(6))) changed from 50.0 to 106.0, which is a divergence of 0.5283018867924528 which is greater than threshold 0.06333126602604935. Query id: 32253.
2026-04-07 06:04:51.575+0000 INFO  [o.n.c.i.c.CypherQueryCaches] [neo4j/67608b86] Discarded stale query from the query cache after 42028 seconds. Reason: CardinalityByLabelsAndRelationshipType(None,Some(RelTypeId(6)),None) changed from 451.0 to 930.0, which is a divergence of 0.5150537634408602 which is greater than threshold 0.06333113355206757. Query id: 32261.
2026-04-07 06:04:51.597+0000 INFO  [o.n.c.i.c.CypherQueryCaches] [neo4j/67608b86] Discarded stale query from the query cache after 42000 seconds. Reason: NodesAllCardinality changed from 760.0 to 813.0, which is a divergence of 0.06519065190651907 which is greater than threshold 0.06337061599613147. Query id: 32263.
2026-04-07 06:04:51.690+0000 INFO  [o.n.c.i.c.CypherQueryCaches] [neo4j/67608b86] Discarded stale query from the query cache after 42029 seconds. Reason: CardinalityByLabelsAndRelationshipType(Some(LabelId(5)),Some(RelTypeId(6)),Some(LabelId(6))) changed from 79.0 to 232.0, which is a divergence of 0.6594827586206896 which is greater than threshold 0.06333101901771754. Query id: 32266.
2026-04-07 06:04:51.786+0000 INFO  [o.n.c.i.c.CypherQueryCaches] [neo4j/67608b86] Discarded stale query from the query cache after 42028 seconds. Reason: CardinalityByLabelsAndRelationshipType(Some(LabelId(5)),Some(RelTypeId(6)),Some(LabelId(6))) changed from 81.0 to 233.0, which is a divergence of 0.6523605150214592 which is greater than threshold 0.06333144817867922. Query id: 32267.
2026-04-07 06:04:51.874+0000 INFO  [o.n.c.i.c.CypherQueryCaches] [neo4j/67608b86] Discarded stale query from the query cache after 42029 seconds. Reason: CardinalityByLabelsAndRelationshipType(None,Some(RelTypeId(6)),None) changed from 455.0 to 936.0, which is a divergence of 0.5138888888888888 which is greater than threshold 0.06333080512937787. Query id: 32269.
2026-04-07 06:04:51.971+0000 INFO  [o.n.c.i.c.CypherQueryCaches] [neo4j/67608b86] Discarded stale query from the query cache after 42029 seconds. Reason: CardinalityByLabelsAndRelationshipType(None,Some(RelTypeId(6)),None) changed from 460.0 to 941.0, which is a divergence of 0.5111583421891605 which is greater than threshold 0.0633307264740292. Query id: 32274.
2026-04-07 06:04:52.055+0000 INFO  [o.n.c.i.c.CypherQueryCaches] [neo4j/67608b86] Discarded stale query from the query cache after 42029 seconds. Reason: CardinalityByLabelsAndRelationshipType(Some(LabelId(0)),Some(RelTypeId(6)),Some(LabelId(6))) changed from 41.0 to 110.0, which is a divergence of 0.6272727272727273 which is greater than threshold 0.06333066023809764. Query id: 32277.
2026-04-07 06:04:52.105+0000 INFO  [o.n.c.i.c.CypherQueryCaches] [neo4j/67608b86] Discarded stale query from the query cache after 42028 seconds. Reason: CardinalityByLabelsAndRelationshipType(Some(LabelId(7)),Some(RelTypeId(11)),Some(LabelId(1))) changed from 16.0 to 32.0, which is a divergence of 0.5 which is greater than threshold 0.06333227063844832. Query id: 32280.
2026-04-07 06:04:52.143+0000 INFO  [o.n.c.i.c.CypherQueryCaches] [neo4j/67608b86] Discarded stale query from the query cache after 42029 seconds. Reason: CardinalityByLabelsAndRelationshipType(None,Some(RelTypeId(12)),None) changed from 91.0 to 184.0, which is a divergence of 0.5054347826086957 which is greater than threshold 0.06333058572284024. Query id: 32281.
2026-04-07 06:04:52.177+0000 INFO  [o.n.c.i.c.CypherQueryCaches] [neo4j/67608b86] Discarded stale query from the query cache after 42029 seconds. Reason: CardinalityByLabelsAndRelationshipType(Some(LabelId(7)),Some(RelTypeId(12)),Some(LabelId(5))) changed from 43.0 to 98.0, which is a divergence of 0.5612244897959183 which is greater than threshold 0.06333057882328824. Query id: 32282.
2026-04-07 06:04:52.208+0000 INFO  [o.n.c.i.c.CypherQueryCaches] [neo4j/67608b86] Discarded stale query from the query cache after 46412 seconds. Reason: CardinalityByLabelsAndRelationshipType(Some(LabelId(1)),Some(RelTypeId(9)),Some(LabelId(4))) changed from 16.0 to 27.0, which is a divergence of 0.4074074074074074 which is greater than threshold 0.0578098832005815. Query id: 32283.
2026-04-07 06:04:52.248+0000 INFO  [o.n.c.i.c.CypherQueryCaches] [neo4j/67608b86] Discarded stale query from the query cache after 46412 seconds. Reason: NodesAllCardinality changed from 538.0 to 813.0, which is a divergence of 0.33825338253382536 which is greater than threshold 0.05781004992429094. Query id: 32286.
2026-04-07 06:04:52.278+0000 INFO  [o.n.c.i.c.CypherQueryCaches] [neo4j/67608b86] Discarded stale query from the query cache after 46412 seconds. Reason: NodesAllCardinality changed from 538.0 to 813.0, which is a divergence of 0.33825338253382536 which is greater than threshold 0.05780991654524646. Query id: 32287.
2026-04-07 06:04:52.315+0000 INFO  [o.n.c.i.c.CypherQueryCaches] [neo4j/67608b86] Discarded stale query from the query cache after 46411 seconds. Reason: CardinalityByLabelsAndRelationshipType(Some(LabelId(3)),Some(RelTypeId(8)),Some(LabelId(2))) changed from 42.0 to 68.0, which is a divergence of 0.38235294117647056 which is greater than threshold 0.05781007752003216. Query id: 32289.
2026-04-07 06:04:52.353+0000 INFO  [o.n.c.i.c.CypherQueryCaches] [neo4j/67608b86] Discarded stale query from the query cache after 42029 seconds. Reason: CardinalityByLabelsAndRelationshipType(Some(LabelId(1)),Some(RelTypeId(10)),Some(LabelId(0))) changed from 36.0 to 59.0, which is a divergence of 0.3898305084745763 which is greater than threshold 0.06333040771487959. Query id: 32292.
2026-04-07 06:04:52.510+0000 INFO  [o.n.c.i.c.CypherQueryCaches] [neo4j/67608b86] Discarded stale query from the query cache after 46411 seconds. Reason: NodesWithLabelCardinality(Some(LabelId(0))) changed from 46.0 to 70.0, which is a divergence of 0.34285714285714286 which is greater than threshold 0.05781032013372434. Query id: 32331.
2026-04-07 06:04:52.585+0000 INFO  [o.n.c.i.c.CypherQueryCaches] [neo4j/67608b86] Discarded stale query from the query cache after 46411 seconds. Reason: NodesWithLabelCardinality(Some(LabelId(0))) changed from 45.0 to 71.0, which is a divergence of 0.36619718309859156 which is greater than threshold 0.05781014535967464. Query id: 32349.
2026-04-07 06:04:52.764+0000 INFO  [o.n.c.i.c.CypherQueryCaches] [neo4j/67608b86] Discarded stale query from the query cache after 42029 seconds. Reason: CardinalityByLabelsAndRelationshipType(None,Some(RelTypeId(12)),None) changed from 94.0 to 186.0, which is a divergence of 0.4946236559139785 which is greater than threshold 0.0633305360460994. Query id: 32397.
2026-04-07 06:04:52.791+0000 INFO  [o.n.c.i.c.CypherQueryCaches] [neo4j/67608b86] Discarded stale query from the query cache after 46411 seconds. Reason: CardinalityByLabelsAndRelationshipType(Some(LabelId(1)),Some(RelTypeId(8)),Some(LabelId(2))) changed from 11.0 to 17.0, which is a divergence of 0.35294117647058826 which is greater than threshold 0.05781035577856159. Query id: 32398.
2026-04-07 06:04:52.833+0000 INFO  [o.n.c.i.c.CypherQueryCaches] [neo4j/67608b86] Discarded stale query from the query cache after 42028 seconds. Reason: CardinalityByLabelsAndRelationshipType(Some(LabelId(0)),Some(RelTypeId(6)),Some(LabelId(6))) changed from 50.0 to 116.0, which is a divergence of 0.5689655172413793 which is greater than threshold 0.06333115149122016. Query id: 32404.
2026-04-07 06:04:52.869+0000 INFO  [o.n.c.i.c.CypherQueryCaches] [neo4j/67608b86] Discarded stale query from the query cache after 46411 seconds. Reason: CardinalityByLabelsAndRelationshipType(None,Some(RelTypeId(10)),None) changed from 37.0 to 80.0, which is a divergence of 0.5375 which is greater than threshold 0.05781036612707096. Query id: 32407.
2026-04-07 06:04:52.970+0000 INFO  [o.n.c.i.c.CypherQueryCaches] [neo4j/67608b86] Discarded stale query from the query cache after 42029 seconds. Reason: CardinalityByLabelsAndRelationshipType(Some(LabelId(7)),Some(RelTypeId(12)),Some(LabelId(3))) changed from 10.0 to 24.0, which is a divergence of 0.5833333333333334 which is greater than threshold 0.06333029732284857. Query id: 32412.
2026-04-07 06:04:53.092+0000 INFO  [o.n.c.i.c.CypherQueryCaches] [neo4j/67608b86] Discarded stale query from the query cache after 42029 seconds. Reason: CardinalityByLabelsAndRelationshipType(Some(LabelId(0)),Some(RelTypeId(6)),Some(LabelId(6))) changed from 49.0 to 119.0, which is a divergence of 0.5882352941176471 which is greater than threshold 0.06333063125992114. Query id: 32440.
2026-04-07 06:04:53.157+0000 INFO  [o.n.c.i.c.CypherQueryCaches] [neo4j/67608b86] Discarded stale query from the query cache after 50905 seconds. Reason: CardinalityByLabelsAndRelationshipType(None,Some(RelTypeId(12)),None) changed from 48.0 to 191.0, which is a divergence of 0.7486910994764397 which is greater than threshold 0.053066734299588705. Query id: 32452.
2026-04-07 06:04:53.213+0000 INFO  [o.n.c.i.c.CypherQueryCaches] [neo4j/67608b86] Discarded stale query from the query cache after 42030 seconds. Reason: CardinalityByLabelsAndRelationshipType(Some(LabelId(1)),Some(RelTypeId(10)),Some(LabelId(2))) changed from 8.0 to 16.0, which is a divergence of 0.5 which is greater than threshold 0.06332960048203505. Query id: 32462.
2026-04-07 06:04:53.241+0000 INFO  [o.n.c.i.c.CypherQueryCaches] [neo4j/67608b86] Discarded stale query from the query cache after 46412 seconds. Reason: CardinalityByLabelsAndRelationshipType(None,Some(RelTypeId(10)),None) changed from 36.0 to 83.0, which is a divergence of 0.5662650602409639 which is greater than threshold 0.05780977166870582. Query id: 32463.
2026-04-07 06:04:53.642+0000 INFO  [o.n.c.i.c.CypherQueryCaches] [neo4j/67608b86] Discarded stale query from the query cache after 42028 seconds. Reason: CardinalityByLabelsAndRelationshipType(None,Some(RelTypeId(10)),None) changed from 66.0 to 87.0, which is a divergence of 0.2413793103448276 which is greater than threshold 0.06333103005715492. Query id: 32582.
2026-04-07 06:04:53.725+0000 INFO  [o.n.c.i.c.CypherQueryCaches] [neo4j/67608b86] Discarded stale query from the query cache after 42029 seconds. Reason: CardinalityByLabelsAndRelationshipType(None,Some(RelTypeId(12)),None) changed from 121.0 to 214.0, which is a divergence of 0.43457943925233644 which is greater than threshold 0.0633307871904215. Query id: 32597.
2026-04-07 06:04:53.860+0000 INFO  [o.n.c.i.c.CypherQueryCaches] [neo4j/67608b86] Discarded stale query from the query cache after 42028 seconds. Reason: CardinalityByLabelsAndRelationshipType(None,Some(RelTypeId(6)),None) changed from 902.0 to 1127.0, which is a divergence of 0.19964507542147295 which is greater than threshold 0.06333193116420974. Query id: 32630.
2026-04-07 06:04:54.021+0000 INFO  [o.n.c.i.c.CypherQueryCaches] [neo4j/67608b86] Discarded stale query from the query cache after 42028 seconds. Reason: CardinalityByLabelsAndRelationshipType(Some(LabelId(3)),Some(RelTypeId(10)),Some(LabelId(0))) changed from 8.0 to 11.0, which is a divergence of 0.2727272727272727 which is greater than threshold 0.06333183042661965. Query id: 32654.
2026-04-07 06:04:54.059+0000 INFO  [o.n.c.i.c.CypherQueryCaches] [neo4j/67608b86] Discarded stale query from the query cache after 46412 seconds. Reason: CardinalityByLabelsAndRelationshipType(None,Some(RelTypeId(10)),None) changed from 38.0 to 93.0, which is a divergence of 0.5913978494623656 which is greater than threshold 0.057809033499512566. Query id: 32658.
2026-04-07 06:04:54.105+0000 INFO  [o.n.c.i.c.CypherQueryCaches] [neo4j/67608b86] Discarded stale query from the query cache after 42028 seconds. Reason: CardinalityByLabelsAndRelationshipType(Some(LabelId(5)),Some(RelTypeId(7)),Some(LabelId(4))) changed from 3.0 to 6.0, which is a divergence of 0.5 which is greater than threshold 0.06333180420729945. Query id: 32666.
2026-04-07 06:04:58.258+0000 INFO  [o.n.c.i.c.CypherQueryCaches] [neo4j/67608b86] Discarded stale query from the query cache after 46413 seconds. Reason: NodesAllCardinality changed from 572.0 to 881.0, which is a divergence of 0.3507377979568672 which is greater than threshold 0.057808537947904116. Query id: 32674.
2026-04-07 06:04:58.277+0000 INFO  [o.n.c.i.c.CypherQueryCaches] [neo4j/67608b86] Discarded stale query from the query cache after 42028 seconds. Reason: NodesAllCardinality changed from 760.0 to 882.0, which is a divergence of 0.1383219954648526 which is greater than threshold 0.06333153925538709. Query id: 32676.
2026-04-07 06:11:39.704+0000 INFO  [o.n.k.i.t.l.c.CheckPointerImpl] [neo4j/67608b86] Checkpoint triggered by "Scheduled checkpoint for every 15 minutes threshold" @ txId: 2916 checkpoint started...
2026-04-07 06:11:39.750+0000 INFO  [o.n.k.i.t.l.c.CheckPointerImpl] [neo4j/67608b86] Checkpoint triggered by "Scheduled checkpoint for every 15 minutes threshold" @ txId: 2916 checkpoint completed in 45ms. Checkpoint flushed 64 pages (0% of total available pages), in 53 IOs. Checkpoint performed with IO limit: unlimited, paused in total 0 times( 0 millis).
2026-04-07 06:11:39.750+0000 INFO  [o.n.k.i.t.l.p.LogPruningImpl] [neo4j/67608b86] No log version pruned. The strategy used was '2 days 2147483648 size'. 
2026-04-07 08:35:29.948+0000 INFO  [o.n.k.i.t.l.c.CheckPointerImpl] [neo4j/67608b86] Checkpoint triggered by "Scheduled checkpoint for every 15 minutes threshold" @ txId: 2943 checkpoint started...
2026-04-07 08:35:30.064+0000 INFO  [o.n.k.i.t.l.c.CheckPointerImpl] [neo4j/67608b86] Checkpoint triggered by "Scheduled checkpoint for every 15 minutes threshold" @ txId: 2943 checkpoint completed in 105ms. Checkpoint flushed 46 pages (0% of total available pages), in 40 IOs. Checkpoint performed with IO limit: unlimited, paused in total 0 times( 0 millis).
2026-04-07 08:35:30.065+0000 INFO  [o.n.k.i.t.l.p.LogPruningImpl] [neo4j/67608b86] No log version pruned. The strategy used was '2 days 2147483648 size'. 
2026-04-07 08:45:18.572+0000 INFO  [o.n.c.i.c.CypherQueryCaches] [neo4j/67608b86] Discarded stale query from the query cache after 9627 seconds. Reason: NodesWithLabelCardinality(Some(LabelId(1))) changed from 61.0 to 78.0, which is a divergence of 0.21794871794871795 which is greater than threshold 0.21541836555561072. Query id: 34800.
2026-04-07 08:45:18.885+0000 INFO  [o.n.c.i.c.CypherQueryCaches] [neo4j/67608b86] Discarded stale query from the query cache after 9626 seconds. Reason: CardinalityByLabelsAndRelationshipType(Some(LabelId(3)),Some(RelTypeId(6)),Some(LabelId(6))) changed from 113.0 to 147.0, which is a divergence of 0.23129251700680273 which is greater than threshold 0.21542310748833127. Query id: 34804.
2026-04-07 08:45:19.003+0000 INFO  [o.n.c.i.c.CypherQueryCaches] [neo4j/67608b86] Discarded stale query from the query cache after 9626 seconds. Reason: NodesWithLabelCardinality(Some(LabelId(1))) changed from 61.0 to 78.0, which is a divergence of 0.21794871794871795 which is greater than threshold 0.2154228041261155. Query id: 34805.
2026-04-07 08:45:19.088+0000 INFO  [o.n.c.i.c.CypherQueryCaches] [neo4j/67608b86] Discarded stale query from the query cache after 9626 seconds. Reason: CardinalityByLabelsAndRelationshipType(Some(LabelId(7)),Some(RelTypeId(12)),Some(LabelId(2))) changed from 21.0 to 28.0, which is a divergence of 0.25 which is greater than threshold 0.21543180955775582. Query id: 34806.
2026-04-07 08:45:19.179+0000 INFO  [o.n.c.i.c.CypherQueryCaches] [neo4j/67608b86] Discarded stale query from the query cache after 9625 seconds. Reason: CardinalityByLabelsAndRelationshipType(Some(LabelId(1)),Some(RelTypeId(6)),Some(LabelId(3))) changed from 3.0 to 4.0, which is a divergence of 0.25 which is greater than threshold 0.21544787430694035. Query id: 34807.
2026-04-07 08:45:19.294+0000 INFO  [o.n.c.i.c.CypherQueryCaches] [neo4j/67608b86] Discarded stale query from the query cache after 9627 seconds. Reason: NodesWithLabelCardinality(Some(LabelId(1))) changed from 61.0 to 78.0, which is a divergence of 0.21794871794871795 which is greater than threshold 0.2154197386190334. Query id: 34815.
2026-04-07 08:45:19.382+0000 INFO  [o.n.c.i.c.CypherQueryCaches] [neo4j/67608b86] Discarded stale query from the query cache after 9627 seconds. Reason: CardinalityByLabelsAndRelationshipType(Some(LabelId(3)),Some(RelTypeId(8)),Some(LabelId(2))) changed from 68.0 to 91.0, which is a divergence of 0.25274725274725274 which is greater than threshold 0.21541999407462462. Query id: 34816.
2026-04-07 08:45:19.505+0000 INFO  [o.n.c.i.c.CypherQueryCaches] [neo4j/67608b86] Discarded stale query from the query cache after 9626 seconds. Reason: CardinalityByLabelsAndRelationshipType(Some(LabelId(1)),Some(RelTypeId(8)),Some(LabelId(2))) changed from 17.0 to 22.0, which is a divergence of 0.22727272727272727 which is greater than threshold 0.2154255823172707. Query id: 34825.
2026-04-07 08:45:19.861+0000 INFO  [o.n.c.i.c.CypherQueryCaches] [neo4j/67608b86] Discarded stale query from the query cache after 60532 seconds. Reason: NodesWithLabelCardinality(Some(LabelId(7))) changed from 16.0 to 77.0, which is a divergence of 0.7922077922077922 which is greater than threshold 0.04513401268449589. Query id: 34861.
2026-04-07 08:45:20.058+0000 INFO  [o.n.c.i.c.CypherQueryCaches] [neo4j/67608b86] Discarded stale query from the query cache after 9627 seconds. Reason: CardinalityByLabelsAndRelationshipType(None,Some(RelTypeId(6)),None) changed from 944.0 to 1207.0, which is a divergence of 0.21789560894780446 which is greater than threshold 0.21540524250696744. Query id: 34888.
2026-04-07 08:45:20.153+0000 INFO  [o.n.c.i.c.CypherQueryCaches] [neo4j/67608b86] Discarded stale query from the query cache after 9627 seconds. Reason: NodesWithLabelCardinality(Some(LabelId(1))) changed from 61.0 to 78.0, which is a divergence of 0.21794871794871795 which is greater than threshold 0.21540829163722983. Query id: 34892.
2026-04-07 08:45:20.654+0000 INFO  [o.n.c.i.c.CypherQueryCaches] [neo4j/67608b86] Discarded stale query from the query cache after 9627 seconds. Reason: CardinalityByLabelsAndRelationshipType(Some(LabelId(7)),Some(RelTypeId(12)),Some(LabelId(3))) changed from 24.0 to 33.0, which is a divergence of 0.2727272727272727 which is greater than threshold 0.21541014350716683. Query id: 34988.
2026-04-07 08:45:51.867+0000 INFO  [o.n.c.i.c.CypherQueryCaches] [neo4j/67608b86] Discarded stale query from the query cache after 9660 seconds. Reason: CardinalityByLabelsAndRelationshipType(None,None,None) changed from 1620.0 to 2203.0, which is a divergence of 0.2646391284611893 which is greater than threshold 0.2148921456974776. Query id: 35046.
2026-04-07 08:50:30.087+0000 INFO  [o.n.k.i.t.l.c.CheckPointerImpl] [neo4j/67608b86] Checkpoint triggered by "Scheduled checkpoint for every 15 minutes threshold" @ txId: 3244 checkpoint started...
2026-04-07 08:50:30.140+0000 INFO  [o.n.k.i.t.l.c.CheckPointerImpl] [neo4j/67608b86] Checkpoint triggered by "Scheduled checkpoint for every 15 minutes threshold" @ txId: 3244 checkpoint completed in 52ms. Checkpoint flushed 57 pages (0% of total available pages), in 51 IOs. Checkpoint performed with IO limit: unlimited, paused in total 0 times( 0 millis).
2026-04-07 08:50:30.140+0000 INFO  [o.n.k.i.t.l.p.LogPruningImpl] [neo4j/67608b86] No log version pruned. The strategy used was '2 days 2147483648 size'. 
2026-04-07 10:04:41.211+0000 INFO  [o.n.c.i.c.CypherQueryCaches] [neo4j/67608b86] Discarded stale query from the query cache after 14888 seconds. Reason: NodesWithLabelCardinality(Some(LabelId(6))) changed from 101.0 to 135.0, which is a divergence of 0.2518518518518518 which is greater than threshold 0.1549843165387704. Query id: 36041.
2026-04-07 10:04:41.983+0000 INFO  [o.n.c.i.c.CypherQueryCaches] [neo4j/67608b86] Discarded stale query from the query cache after 14888 seconds. Reason: CardinalityByLabelsAndRelationshipType(None,Some(RelTypeId(5)),None) changed from 73.0 to 102.0, which is a divergence of 0.28431372549019607 which is greater than threshold 0.15498470495590225. Query id: 36055.
2026-04-07 10:04:50.239+0000 INFO  [o.n.k.i.t.l.c.CheckPointerImpl] [neo4j/67608b86] Checkpoint triggered by "Scheduled checkpoint for every 15 minutes threshold" @ txId: 3271 checkpoint started...
2026-04-07 10:04:50.378+0000 INFO  [o.n.k.i.t.l.c.CheckPointerImpl] [neo4j/67608b86] Checkpoint triggered by "Scheduled checkpoint for every 15 minutes threshold" @ txId: 3271 checkpoint completed in 135ms. Checkpoint flushed 47 pages (0% of total available pages), in 42 IOs. Checkpoint performed with IO limit: unlimited, paused in total 0 times( 0 millis).
2026-04-07 10:04:50.380+0000 INFO  [o.n.k.i.t.l.p.LogPruningImpl] [neo4j/67608b86] No log version pruned. The strategy used was '2 days 2147483648 size'. 
2026-04-07 10:04:51.842+0000 INFO  [o.n.c.i.c.CypherQueryCaches] [neo4j/67608b86] Discarded stale query from the query cache after 14880 seconds. Reason: NodesAllCardinality changed from 777.0 to 975.0, which is a divergence of 0.20307692307692307 which is greater than threshold 0.15505252597697125. Query id: 36071.
2026-04-07 10:05:10.228+0000 INFO  [o.n.c.i.c.CypherQueryCaches] [neo4j/67608b86] Discarded stale query from the query cache after 14911 seconds. Reason: NodesAllCardinality changed from 777.0 to 975.0, which is a divergence of 0.20307692307692307 which is greater than threshold 0.1547937479106326. Query id: 36075.
2026-04-07 10:05:10.285+0000 INFO  [o.n.c.i.c.CypherQueryCaches] [neo4j/67608b86] Discarded stale query from the query cache after 14911 seconds. Reason: NodesAllCardinality changed from 777.0 to 975.0, which is a divergence of 0.20307692307692307 which is greater than threshold 0.15479371493518831. Query id: 36077.
2026-04-07 10:22:20.407+0000 INFO  [o.n.k.i.t.l.c.CheckPointerImpl] [neo4j/67608b86] Checkpoint triggered by "Scheduled checkpoint for every 15 minutes threshold" @ txId: 3274 checkpoint started...
2026-04-07 10:22:20.494+0000 INFO  [o.n.k.i.t.l.c.CheckPointerImpl] [neo4j/67608b86] Checkpoint triggered by "Scheduled checkpoint for every 15 minutes threshold" @ txId: 3274 checkpoint completed in 77ms. Checkpoint flushed 40 pages (0% of total available pages), in 35 IOs. Checkpoint performed with IO limit: unlimited, paused in total 0 times( 0 millis).
2026-04-07 10:22:20.494+0000 INFO  [o.n.k.i.t.l.p.LogPruningImpl] [neo4j/67608b86] No log version pruned. The strategy used was '2 days 2147483648 size'. 
2026-04-07 10:31:21.912+0000 INFO  [o.n.c.i.c.CypherQueryCaches] [neo4j/67608b86] Discarded stale query from the query cache after 15991 seconds. Reason: NodesWithLabelCardinality(Some(LabelId(1))) changed from 58.0 to 78.0, which is a divergence of 0.2564102564102564 which is greater than threshold 0.14637742544217314. Query id: 36410.
2026-04-07 10:31:21.978+0000 INFO  [o.n.c.i.c.CypherQueryCaches] [neo4j/67608b86] Discarded stale query from the query cache after 15991 seconds. Reason: NodesWithLabelCardinality(Some(LabelId(7))) changed from 58.0 to 77.0, which is a divergence of 0.24675324675324675 which is greater than threshold 0.1463776392239914. Query id: 36413.
2026-04-07 10:31:22.036+0000 INFO  [o.n.c.i.c.CypherQueryCaches] [neo4j/67608b86] Discarded stale query from the query cache after 15991 seconds. Reason: NodesAllCardinality changed from 785.0 to 984.0, which is a divergence of 0.20223577235772358 which is greater than threshold 0.14637761710860195. Query id: 36416.
2026-04-07 10:31:22.093+0000 INFO  [o.n.c.i.c.CypherQueryCaches] [neo4j/67608b86] Discarded stale query from the query cache after 15991 seconds. Reason: NodesAllCardinality changed from 788.0 to 986.0, which is a divergence of 0.20081135902636918 which is greater than threshold 0.14637766133938757. Query id: 36418.
2026-04-07 10:31:22.147+0000 INFO  [o.n.c.i.c.CypherQueryCaches] [neo4j/67608b86] Discarded stale query from the query cache after 15990 seconds. Reason: NodesAllCardinality changed from 791.0 to 988.0, which is a divergence of 0.19939271255060728 which is greater than threshold 0.14637807416134235. Query id: 36420.
2026-04-07 10:31:22.211+0000 INFO  [o.n.c.i.c.CypherQueryCaches] [neo4j/67608b86] Discarded stale query from the query cache after 15990 seconds. Reason: NodesWithLabelCardinality(Some(LabelId(3))) changed from 148.0 to 200.0, which is a divergence of 0.26 which is greater than threshold 0.1463781110205587. Query id: 36425.
2026-04-07 10:31:22.266+0000 INFO  [o.n.c.i.c.CypherQueryCaches] [neo4j/67608b86] Discarded stale query from the query cache after 15990 seconds. Reason: NodesAllCardinality changed from 799.0 to 996.0, which is a divergence of 0.19779116465863453 which is greater than threshold 0.1463781331360974. Query id: 36428.
2026-04-07 10:31:22.326+0000 INFO  [o.n.c.i.c.CypherQueryCaches] [neo4j/67608b86] Discarded stale query from the query cache after 15990 seconds. Reason: CardinalityByLabelsAndRelationshipType(Some(LabelId(7)),Some(RelTypeId(6)),Some(LabelId(6))) changed from 106.0 to 156.0, which is a divergence of 0.32051282051282054 which is greater than threshold 0.14637957066044824. Query id: 36432.
2026-04-07 10:31:22.421+0000 INFO  [o.n.c.i.c.CypherQueryCaches] [neo4j/67608b86] Discarded stale query from the query cache after 15990 seconds. Reason: CardinalityByLabelsAndRelationshipType(None,Some(RelTypeId(6)),None) changed from 930.0 to 1300.0, which is a divergence of 0.2846153846153846 which is greater than threshold 0.14637987291275026. Query id: 36435.
2026-04-07 10:31:22.508+0000 INFO  [o.n.c.i.c.CypherQueryCaches] [neo4j/67608b86] Discarded stale query from the query cache after 15990 seconds. Reason: CardinalityByLabelsAndRelationshipType(Some(LabelId(5)),Some(RelTypeId(6)),Some(LabelId(6))) changed from 232.0 to 332.0, which is a divergence of 0.30120481927710846 which is greater than threshold 0.14638001298131348. Query id: 36437.
2026-04-07 10:31:22.594+0000 INFO  [o.n.c.i.c.CypherQueryCaches] [neo4j/67608b86] Discarded stale query from the query cache after 58019 seconds. Reason: CardinalityByLabelsAndRelationshipType(None,Some(RelTypeId(6)),None) changed from 493.0 to 1303.0, which is a divergence of 0.6216423637759018 which is greater than threshold 0.046966806624270004. Query id: 36438.
2026-04-07 10:31:22.684+0000 INFO  [o.n.c.i.c.CypherQueryCaches] [neo4j/67608b86] Discarded stale query from the query cache after 15990 seconds. Reason: CardinalityByLabelsAndRelationshipType(None,Some(RelTypeId(6)),None) changed from 936.0 to 1304.0, which is a divergence of 0.2822085889570552 which is greater than threshold 0.14637993926098364. Query id: 36439.
2026-04-07 10:31:22.859+0000 INFO  [o.n.c.i.c.CypherQueryCaches] [neo4j/67608b86] Discarded stale query from the query cache after 15990 seconds. Reason: CardinalityByLabelsAndRelationshipType(None,Some(RelTypeId(7)),None) changed from 81.0 to 107.0, which is a divergence of 0.24299065420560748 which is greater than threshold 0.14638129572693956. Query id: 36455.
2026-04-07 10:31:23.175+0000 INFO  [o.n.c.i.c.CypherQueryCaches] [neo4j/67608b86] Discarded stale query from the query cache after 15990 seconds. Reason: NodesAllCardinality changed from 821.0 to 1005.0, which is a divergence of 0.18308457711442785 which is greater than threshold 0.1463805953745297. Query id: 36471.
2026-04-07 10:31:23.462+0000 INFO  [o.n.c.i.c.CypherQueryCaches] [neo4j/67608b86] Discarded stale query from the query cache after 6363 seconds. Reason: CardinalityByLabelsAndRelationshipType(Some(LabelId(1)),Some(RelTypeId(8)),Some(LabelId(2))) changed from 22.0 to 31.0, which is a divergence of 0.2903225806451613 which is greater than threshold 0.28413944876826625. Query id: 36526.
2026-04-07 10:31:23.561+0000 INFO  [o.n.c.i.c.CypherQueryCaches] [neo4j/67608b86] Discarded stale query from the query cache after 15990 seconds. Reason: CardinalityByLabelsAndRelationshipType(None,Some(RelTypeId(6)),None) changed from 979.0 to 1322.0, which is a divergence of 0.2594553706505295 which is greater than threshold 0.14638021202657497. Query id: 36532.
2026-04-07 10:31:23.638+0000 INFO  [o.n.c.i.c.CypherQueryCaches] [neo4j/67608b86] Discarded stale query from the query cache after 15990 seconds. Reason: CardinalityByLabelsAndRelationshipType(None,Some(RelTypeId(10)),None) changed from 80.0 to 103.0, which is a divergence of 0.22330097087378642 which is greater than threshold 0.14637990240084656. Query id: 36535.
2026-04-07 10:31:23.688+0000 INFO  [o.n.c.i.c.CypherQueryCaches] [neo4j/67608b86] Discarded stale query from the query cache after 15991 seconds. Reason: NodesWithLabelCardinality(Some(LabelId(7))) changed from 61.0 to 88.0, which is a divergence of 0.3068181818181818 which is greater than threshold 0.14637422616128473. Query id: 36539.
2026-04-07 10:31:23.853+0000 INFO  [o.n.c.i.c.CypherQueryCaches] [neo4j/67608b86] Discarded stale query from the query cache after 15991 seconds. Reason: NodesWithLabelCardinality(Some(LabelId(7))) changed from 61.0 to 88.0, which is a divergence of 0.3068181818181818 which is greater than threshold 0.1463732457644915. Query id: 36583.
2026-04-07 10:31:24.150+0000 INFO  [o.n.c.i.c.CypherQueryCaches] [neo4j/67608b86] Discarded stale query from the query cache after 15990 seconds. Reason: CardinalityByLabelsAndRelationshipType(Some(LabelId(3)),Some(RelTypeId(10)),Some(LabelId(0))) changed from 10.0 to 13.0, which is a divergence of 0.23076923076923078 which is greater than threshold 0.14637962226441142. Query id: 36677.
2026-04-07 10:31:24.295+0000 INFO  [o.n.c.i.c.CypherQueryCaches] [neo4j/67608b86] Discarded stale query from the query cache after 15991 seconds. Reason: CardinalityByLabelsAndRelationshipType(None,Some(RelTypeId(10)),None) changed from 82.0 to 109.0, which is a divergence of 0.24770642201834864 which is greater than threshold 0.14637759499321915. Query id: 36719.
2026-04-07 10:31:24.353+0000 INFO  [o.n.c.i.c.CypherQueryCaches] [neo4j/67608b86] Discarded stale query from the query cache after 15990 seconds. Reason: CardinalityByLabelsAndRelationshipType(Some(LabelId(1)),Some(RelTypeId(6)),Some(LabelId(2))) changed from 3.0 to 4.0, which is a divergence of 0.25 which is greater than threshold 0.14638230572063676. Query id: 36731.
2026-04-07 10:31:24.419+0000 INFO  [o.n.c.i.c.CypherQueryCaches] [neo4j/67608b86] Discarded stale query from the query cache after 15990 seconds. Reason: CardinalityByLabelsAndRelationshipType(Some(LabelId(4)),Some(RelTypeId(10)),Some(LabelId(0))) changed from 7.0 to 9.0, which is a divergence of 0.2222222222222222 which is greater than threshold 0.1463829249937379. Query id: 36746.
2026-04-07 10:31:24.466+0000 INFO  [o.n.c.i.c.CypherQueryCaches] [neo4j/67608b86] Discarded stale query from the query cache after 15990 seconds. Reason: CardinalityByLabelsAndRelationshipType(Some(LabelId(5)),Some(RelTypeId(7)),Some(LabelId(4))) changed from 6.0 to 12.0, which is a divergence of 0.5 which is greater than threshold 0.1463828881320971. Query id: 36754.
2026-04-07 10:31:54.512+0000 INFO  [o.n.c.i.c.CypherQueryCaches] [neo4j/67608b86] Discarded stale query from the query cache after 16016 seconds. Reason: NodesAllCardinality changed from 881.0 to 1053.0, which is a divergence of 0.16334283000949668 which is greater than threshold 0.14619217891845793. Query id: 36772.
2026-04-07 10:31:54.545+0000 INFO  [o.n.c.i.c.CypherQueryCaches] [neo4j/67608b86] Discarded stale query from the query cache after 58051 seconds. Reason: CardinalityByLabelsAndRelationshipType(None,Some(RelTypeId(8)),None) changed from 101.0 to 202.0, which is a divergence of 0.5 which is greater than threshold 0.04694271058551216. Query id: 36778.
2026-04-07 10:31:54.642+0000 INFO  [o.n.c.i.c.CypherQueryCaches] [neo4j/67608b86] Discarded stale query from the query cache after 16016 seconds. Reason: NodesAllCardinality changed from 882.0 to 1058.0, which is a divergence of 0.166351606805293 which is greater than threshold 0.14619142155006176. Query id: 36785.
2026-04-07 10:37:20.516+0000 INFO  [o.n.k.i.t.l.c.CheckPointerImpl] [neo4j/67608b86] Checkpoint triggered by "Scheduled checkpoint for every 15 minutes threshold" @ txId: 3633 checkpoint started...
2026-04-07 10:37:20.584+0000 INFO  [o.n.k.i.t.l.c.CheckPointerImpl] [neo4j/67608b86] Checkpoint triggered by "Scheduled checkpoint for every 15 minutes threshold" @ txId: 3633 checkpoint completed in 57ms. Checkpoint flushed 58 pages (0% of total available pages), in 51 IOs. Checkpoint performed with IO limit: unlimited, paused in total 0 times( 0 millis).
2026-04-07 10:37:20.584+0000 INFO  [o.n.k.i.t.l.p.LogPruningImpl] [neo4j/67608b86] No log version pruned. The strategy used was '2 days 2147483648 size'. 
2026-04-07 10:52:20.602+0000 INFO  [o.n.k.i.t.l.c.CheckPointerImpl] [neo4j/67608b86] Checkpoint triggered by "Scheduled checkpoint for every 15 minutes threshold" @ txId: 3660 checkpoint started...
2026-04-07 10:52:20.652+0000 INFO  [o.n.k.i.t.l.c.CheckPointerImpl] [neo4j/67608b86] Checkpoint triggered by "Scheduled checkpoint for every 15 minutes threshold" @ txId: 3660 checkpoint completed in 49ms. Checkpoint flushed 46 pages (0% of total available pages), in 40 IOs. Checkpoint performed with IO limit: unlimited, paused in total 0 times( 0 millis).
2026-04-07 10:52:20.652+0000 INFO  [o.n.k.i.t.l.p.LogPruningImpl] [neo4j/67608b86] No log version pruned. The strategy used was '2 days 2147483648 size'. 
2026-04-07 11:07:20.672+0000 INFO  [o.n.k.i.t.l.c.CheckPointerImpl] [neo4j/67608b86] Checkpoint triggered by "Scheduled checkpoint for every 15 minutes threshold" @ txId: 3663 checkpoint started...
2026-04-07 11:07:20.718+0000 INFO  [o.n.k.i.t.l.c.CheckPointerImpl] [neo4j/67608b86] Checkpoint triggered by "Scheduled checkpoint for every 15 minutes threshold" @ txId: 3663 checkpoint completed in 45ms. Checkpoint flushed 40 pages (0% of total available pages), in 35 IOs. Checkpoint performed with IO limit: unlimited, paused in total 0 times( 0 millis).
2026-04-07 11:07:20.719+0000 INFO  [o.n.k.i.t.l.p.LogPruningImpl] [neo4j/67608b86] No log version pruned. The strategy used was '2 days 2147483648 size'. 
2026-04-07 11:11:14.730+0000 INFO  [o.n.c.i.c.CypherQueryCaches] [neo4j/67608b86] Discarded stale query from the query cache after 18383 seconds. Reason: NodesAllCardinality changed from 789.0 to 1103.0, which is a divergence of 0.2846781504986401 which is greater than threshold 0.1306367334652834. Query id: 37343.
2026-04-07 11:11:14.845+0000 INFO  [o.n.c.i.c.CypherQueryCaches] [neo4j/67608b86] Discarded stale query from the query cache after 8755 seconds. Reason: CardinalityByLabelsAndRelationshipType(Some(LabelId(3)),Some(RelTypeId(8)),Some(LabelId(2))) changed from 91.0 to 122.0, which is a divergence of 0.2540983606557377 which is greater than threshold 0.23029790876699432. Query id: 37375.
2026-04-07 11:11:14.886+0000 INFO  [o.n.c.i.c.CypherQueryCaches] [neo4j/67608b86] Discarded stale query from the query cache after 67119 seconds. Reason: CardinalityByLabelsAndRelationshipType(None,Some(RelTypeId(9)),None) changed from 19.0 to 52.0, which is a divergence of 0.6346153846153846 which is greater than threshold 0.040945681813942536. Query id: 37380.
2026-04-07 11:11:14.924+0000 INFO  [o.n.c.i.c.CypherQueryCaches] [neo4j/67608b86] Discarded stale query from the query cache after 8755 seconds. Reason: CardinalityByLabelsAndRelationshipType(Some(LabelId(7)),Some(RelTypeId(11)),Some(LabelId(1))) changed from 40.0 to 64.0, which is a divergence of 0.375 which is greater than threshold 0.23028962468965145. Query id: 37385.
2026-04-07 11:11:14.988+0000 INFO  [o.n.c.i.c.CypherQueryCaches] [neo4j/67608b86] Discarded stale query from the query cache after 18383 seconds. Reason: CardinalityByLabelsAndRelationshipType(Some(LabelId(5)),Some(RelTypeId(6)),Some(LabelId(6))) changed from 233.0 to 376.0, which is a divergence of 0.3803191489361702 which is greater than threshold 0.13063966931834134. Query id: 37398.
2026-04-07 11:11:15.105+0000 INFO  [o.n.c.i.c.CypherQueryCaches] [neo4j/67608b86] Discarded stale query from the query cache after 60411 seconds. Reason: CardinalityByLabelsAndRelationshipType(None,Some(RelTypeId(8)),None) changed from 110.0 to 209.0, which is a divergence of 0.47368421052631576 which is greater than threshold 0.04521883931038647. Query id: 37423.
2026-04-07 11:11:15.143+0000 INFO  [o.n.c.i.c.CypherQueryCaches] [neo4j/67608b86] Discarded stale query from the query cache after 8755 seconds. Reason: CardinalityByLabelsAndRelationshipType(Some(LabelId(7)),Some(RelTypeId(12)),Some(LabelId(2))) changed from 28.0 to 44.0, which is a divergence of 0.36363636363636365 which is greater than threshold 0.2302872162151162. Query id: 37429.
2026-04-07 11:11:15.416+0000 INFO  [o.n.c.i.c.CypherQueryCaches] [neo4j/67608b86] Discarded stale query from the query cache after 8754 seconds. Reason: CardinalityByLabelsAndRelationshipType(Some(LabelId(7)),Some(RelTypeId(12)),Some(LabelId(3))) changed from 33.0 to 46.0, which is a divergence of 0.2826086956521739 which is greater than threshold 0.23031057324420537. Query id: 37509.
2026-04-07 11:11:15.935+0000 INFO  [o.n.c.i.c.CypherQueryCaches] [neo4j/67608b86] Discarded stale query from the query cache after 8756 seconds. Reason: CardinalityByLabelsAndRelationshipType(Some(LabelId(1)),Some(RelTypeId(6)),Some(LabelId(3))) changed from 4.0 to 6.0, which is a divergence of 0.3333333333333333 which is greater than threshold 0.23027435362458198. Query id: 37693.
2026-04-07 11:22:20.739+0000 INFO  [o.n.k.i.t.l.c.CheckPointerImpl] [neo4j/67608b86] Checkpoint triggered by "Scheduled checkpoint for every 15 minutes threshold" @ txId: 4087 checkpoint started...
2026-04-07 11:22:20.881+0000 INFO  [o.n.k.i.t.l.c.CheckPointerImpl] [neo4j/67608b86] Checkpoint triggered by "Scheduled checkpoint for every 15 minutes threshold" @ txId: 4087 checkpoint completed in 141ms. Checkpoint flushed 61 pages (0% of total available pages), in 54 IOs. Checkpoint performed with IO limit: unlimited, paused in total 0 times( 0 millis).
2026-04-07 11:22:20.882+0000 INFO  [o.n.k.i.t.l.p.LogPruningImpl] [neo4j/67608b86] No log version pruned. The strategy used was '2 days 2147483648 size'. 
